-- phpMyAdmin SQL Dump
-- version 5.2.1
-- https://www.phpmyadmin.net/
--
-- Host: localhost:8889
-- Waktu pembuatan: 13 Okt 2025 pada 11.57
-- Versi server: 8.0.40
-- Versi PHP: 8.3.14

SET SQL_MODE = "NO_AUTO_VALUE_ON_ZERO";
START TRANSACTION;
SET time_zone = "+00:00";


/*!40101 SET @OLD_CHARACTER_SET_CLIENT=@@CHARACTER_SET_CLIENT */;
/*!40101 SET @OLD_CHARACTER_SET_RESULTS=@@CHARACTER_SET_RESULTS */;
/*!40101 SET @OLD_COLLATION_CONNECTION=@@COLLATION_CONNECTION */;
/*!40101 SET NAMES utf8mb4 */;

--
-- Database: `gizi`
--

-- --------------------------------------------------------

--
-- Struktur dari tabel `alternatif`
--

CREATE TABLE `alternatif` (
  `id` int NOT NULL,
  `nama` varchar(255) NOT NULL,
  `sex` enum('L','P') NOT NULL,
  `tgl_timbang` date NOT NULL,
  `tgl_lahir` date NOT NULL,
  `umur` int NOT NULL,
  `bb` float(8,2) NOT NULL,
  `tb` float(8,2) NOT NULL,
  `z_score_bb_u` decimal(6,3) DEFAULT NULL,
  `z_score_tb_u` decimal(6,3) DEFAULT NULL,
  `z_score_bb_tb` decimal(6,3) DEFAULT NULL,
  `status_bb_u` varchar(50) DEFAULT NULL,
  `status_tb_u` varchar(50) DEFAULT NULL,
  `status_bb_tb` varchar(50) DEFAULT NULL,
  `imt` decimal(6,3) DEFAULT NULL,
  `z_score_imt` float DEFAULT NULL,
  `status_imt` varchar(255) NOT NULL
) ENGINE=InnoDB DEFAULT CHARSET=utf8mb4 COLLATE=utf8mb4_0900_ai_ci;

--
-- Dumping data untuk tabel `alternatif`
--

INSERT INTO `alternatif` (`id`, `nama`, `sex`, `tgl_timbang`, `tgl_lahir`, `umur`, `bb`, `tb`, `z_score_bb_u`, `z_score_tb_u`, `z_score_bb_tb`, `status_bb_u`, `status_tb_u`, `status_bb_tb`, `imt`, `z_score_imt`, `status_imt`) VALUES
(405, 'M. Mitakhul Wafri', 'L', '2025-02-16', '2020-02-22', 59, 17.60, 108.00, -0.292, -0.404, -0.151, 'Normal', 'Normal', 'Gizi Baik', 15.089, -0.08, 'Normal'),
(406, 'Aira Azkadina Fawzia', 'P', '2025-02-16', '2020-04-13', 58, 17.40, 108.50, -0.202, -0.012, -0.396, 'Normal', 'Normal', 'Gizi Baik', 14.781, -0.32, 'Normal'),
(407, 'M. Hafizan', 'L', '2025-02-16', '2020-04-01', 58, 17.00, 108.00, -0.466, -0.255, -0.568, 'Normal', 'Normal', 'Gizi Baik', 14.575, -0.45, 'Normal'),
(408, 'Al Khalid Rayyan', 'L', '2025-02-16', '2020-05-12', 57, 17.50, 107.20, -0.159, -0.271, -0.038, 'Normal', 'Normal', 'Gizi Baik', 15.228, 0.02, 'Normal'),
(409, 'M. Haikal Luis', 'L', '2025-02-16', '2020-06-06', 56, 16.20, 107.50, -0.684, -0.106, -1.037, 'Normal', 'Normal', 'Gizi Baik', 14.018, -0.84, 'Normal'),
(410, 'Ataya Afizah Amalina', 'P', '2025-02-16', '2020-08-31', 53, 16.00, 106.00, -0.476, 0.017, -0.766, 'Normal', 'Normal', 'Gizi Baik', 14.240, -0.71, 'Normal'),
(411, 'Ataya Afizah Amalia', 'P', '2025-02-16', '2020-08-31', 53, 16.00, 106.00, -0.476, 0.061, -0.812, 'Normal', 'Normal', 'Gizi Baik', 14.240, -0.71, 'Normal'),
(412, 'M. Akhtar Fahzan', 'L', '2025-02-16', '2020-08-26', 53, 16.10, 106.10, -0.547, 0.510, -1.439, 'Normal', 'Normal', 'Gizi Baik', 14.302, -0.77, 'Normal'),
(413, 'Syauqi Fahim', 'L', '2025-02-16', '2020-06-17', 49, 17.70, 106.40, -0.481, 0.493, -0.281, 'Normal', 'Normal', 'Gizi Baik', 15.635, 0.24, 'Normal'),
(414, 'Aurin rizka aninda', 'P', '2025-02-16', '2021-10-12', 48, 17.50, 107.00, 0.455, 0.684, 0.616, 'Normal', 'Normal', 'Gizi Baik', 15.285, -0.01, 'Normal'),
(415, 'Finnur Abhiram Janu Rakha', 'L', '2025-02-16', '2021-02-10', 47, 15.60, 106.00, -0.437, 0.515, -1.161, 'Normal', 'Normal', 'Gizi Baik', 13.884, -1.01, 'Normal'),
(416, 'Siti Aisyah Syaherli', 'P', '2025-02-16', '2021-02-20', 47, 16.40, 104.30, -0.021, 0.383, -0.381, 'Normal', 'Normal', 'Gizi Baik', 15.076, -0.15, 'Normal'),
(417, 'Nadhira Zifana Almahrya', 'P', '2025-02-16', '2021-08-26', 48, 15.50, 106.50, -0.411, 0.683, -0.105, 'Normal', 'Normal', 'Gizi Baik', 13.666, -1.09, 'Normal'),
(418, 'Widad Bariroh Az Zahra', 'P', '2025-02-16', '2021-08-26', 41, 15.60, 106.50, -0.348, 1.883, -1.166, 'Normal', 'Normal', 'Gizi Baik', 13.754, -1.03, 'Normal'),
(419, 'Aleena Aprillia Ramadhani', 'P', '2025-02-16', '2021-09-06', 41, 14.60, 101.00, -0.135, 0.586, -0.698, 'Normal', 'Normal', 'Gizi Baik', 14.312, -0.66, 'Normal');

-- --------------------------------------------------------

--
-- Struktur dari tabel `derajat_preferensi`
--

CREATE TABLE `derajat_preferensi` (
  `id` int NOT NULL,
  `alternatif_1_id` int NOT NULL,
  `alternatif_2_id` int NOT NULL,
  `nilai` float NOT NULL,
  `created_at` timestamp NULL DEFAULT CURRENT_TIMESTAMP
) ENGINE=InnoDB DEFAULT CHARSET=utf8mb4 COLLATE=utf8mb4_0900_ai_ci;

--
-- Dumping data untuk tabel `derajat_preferensi`
--

INSERT INTO `derajat_preferensi` (`id`, `alternatif_1_id`, `alternatif_2_id`, `nilai`, `created_at`) VALUES
(10024, 410, 411, 0, '2025-10-13 10:11:35'),
(10025, 410, 412, 0, '2025-10-13 10:11:35'),
(10026, 410, 413, 0, '2025-10-13 10:11:35'),
(10027, 410, 414, 0, '2025-10-13 10:11:35'),
(10028, 410, 415, 0, '2025-10-13 10:11:35'),
(10029, 410, 416, 0, '2025-10-13 10:11:35'),
(10030, 410, 417, 0, '2025-10-13 10:11:35'),
(10031, 410, 418, 0, '2025-10-13 10:11:35'),
(10032, 410, 419, 0, '2025-10-13 10:11:35'),
(10033, 411, 412, 0, '2025-10-13 10:11:35'),
(10034, 411, 413, 0, '2025-10-13 10:11:35'),
(10035, 411, 414, 0, '2025-10-13 10:11:35'),
(10036, 411, 415, 0, '2025-10-13 10:11:35'),
(10037, 411, 416, 0, '2025-10-13 10:11:35'),
(10038, 411, 417, 0, '2025-10-13 10:11:35'),
(10039, 411, 418, 0, '2025-10-13 10:11:35'),
(10040, 411, 419, 0, '2025-10-13 10:11:35'),
(10041, 412, 413, 0, '2025-10-13 10:11:35'),
(10042, 412, 414, 0, '2025-10-13 10:11:35'),
(10043, 412, 415, 0, '2025-10-13 10:11:35'),
(10044, 412, 416, 0, '2025-10-13 10:11:35'),
(10045, 412, 417, 0, '2025-10-13 10:11:35'),
(10046, 412, 418, 0, '2025-10-13 10:11:35'),
(10047, 412, 419, 0, '2025-10-13 10:11:35'),
(10048, 413, 414, 0, '2025-10-13 10:11:35'),
(10049, 413, 415, 0, '2025-10-13 10:11:35'),
(10050, 413, 416, 0, '2025-10-13 10:11:35'),
(10051, 413, 417, 0, '2025-10-13 10:11:35'),
(10052, 413, 418, 0, '2025-10-13 10:11:35'),
(10053, 413, 419, 0, '2025-10-13 10:11:35'),
(10054, 414, 415, 0, '2025-10-13 10:11:35'),
(10055, 414, 416, 0, '2025-10-13 10:11:35'),
(10056, 414, 417, 0, '2025-10-13 10:11:35'),
(10057, 414, 418, 0, '2025-10-13 10:11:35'),
(10058, 414, 419, 0, '2025-10-13 10:11:35'),
(10059, 415, 416, 0, '2025-10-13 10:11:35'),
(10060, 415, 417, 0, '2025-10-13 10:11:35'),
(10061, 415, 418, 0, '2025-10-13 10:11:35'),
(10062, 415, 419, 0, '2025-10-13 10:11:35'),
(10063, 416, 417, 0, '2025-10-13 10:11:35'),
(10064, 416, 418, 0, '2025-10-13 10:11:35'),
(10065, 416, 419, 0, '2025-10-13 10:11:35'),
(10066, 417, 418, 0, '2025-10-13 10:11:35'),
(10067, 417, 419, 0, '2025-10-13 10:11:35'),
(10068, 418, 419, 0, '2025-10-13 10:11:35'),
(10069, 410, 411, 0, '2025-10-13 10:11:36'),
(10070, 410, 412, 0, '2025-10-13 10:11:36'),
(10071, 410, 413, 0, '2025-10-13 10:11:36'),
(10072, 410, 414, 0, '2025-10-13 10:11:36'),
(10073, 410, 415, 0, '2025-10-13 10:11:36'),
(10074, 410, 416, 0, '2025-10-13 10:11:36'),
(10075, 410, 417, 0, '2025-10-13 10:11:36'),
(10076, 410, 418, 0, '2025-10-13 10:11:36'),
(10077, 410, 419, 0, '2025-10-13 10:11:36'),
(10078, 411, 412, 0, '2025-10-13 10:11:36'),
(10079, 411, 413, 0, '2025-10-13 10:11:36'),
(10080, 411, 414, 0, '2025-10-13 10:11:36'),
(10081, 411, 415, 0, '2025-10-13 10:11:36'),
(10082, 411, 416, 0, '2025-10-13 10:11:36'),
(10083, 411, 417, 0, '2025-10-13 10:11:36'),
(10084, 411, 418, 0, '2025-10-13 10:11:36'),
(10085, 411, 419, 0, '2025-10-13 10:11:36'),
(10086, 412, 413, 0, '2025-10-13 10:11:36'),
(10087, 412, 414, 0, '2025-10-13 10:11:36'),
(10088, 412, 415, 0, '2025-10-13 10:11:36'),
(10089, 412, 416, 0, '2025-10-13 10:11:36'),
(10090, 412, 417, 0, '2025-10-13 10:11:36'),
(10091, 412, 418, 0, '2025-10-13 10:11:36'),
(10092, 412, 419, 0, '2025-10-13 10:11:36'),
(10093, 413, 414, 0, '2025-10-13 10:11:36'),
(10094, 413, 415, 0, '2025-10-13 10:11:36'),
(10095, 413, 416, 0, '2025-10-13 10:11:36'),
(10096, 413, 417, 0, '2025-10-13 10:11:36'),
(10097, 413, 418, 0, '2025-10-13 10:11:36'),
(10098, 413, 419, 0, '2025-10-13 10:11:36'),
(10099, 414, 415, 0, '2025-10-13 10:11:36'),
(10100, 414, 416, 0, '2025-10-13 10:11:36'),
(10101, 414, 417, 0, '2025-10-13 10:11:36'),
(10102, 414, 418, 0, '2025-10-13 10:11:36'),
(10103, 414, 419, 0, '2025-10-13 10:11:36'),
(10104, 415, 416, 0, '2025-10-13 10:11:36'),
(10105, 415, 417, 0, '2025-10-13 10:11:36'),
(10106, 415, 418, 0, '2025-10-13 10:11:36'),
(10107, 415, 419, 0, '2025-10-13 10:11:36'),
(10108, 416, 417, 0, '2025-10-13 10:11:36'),
(10109, 416, 418, 0, '2025-10-13 10:11:36'),
(10110, 416, 419, 0, '2025-10-13 10:11:36'),
(10111, 417, 418, 0, '2025-10-13 10:11:36'),
(10112, 417, 419, 0, '2025-10-13 10:11:36'),
(10113, 418, 419, 0, '2025-10-13 10:11:36'),
(10114, 410, 411, 0, '2025-10-13 10:11:37'),
(10115, 410, 412, 0, '2025-10-13 10:11:37'),
(10116, 410, 413, 0, '2025-10-13 10:11:37'),
(10117, 410, 414, 0, '2025-10-13 10:11:37'),
(10118, 410, 415, 0, '2025-10-13 10:11:37'),
(10119, 410, 416, 0, '2025-10-13 10:11:37'),
(10120, 410, 417, 0, '2025-10-13 10:11:37'),
(10121, 410, 418, 0, '2025-10-13 10:11:37'),
(10122, 410, 419, 0, '2025-10-13 10:11:37'),
(10123, 411, 412, 0, '2025-10-13 10:11:37'),
(10124, 411, 413, 0, '2025-10-13 10:11:37'),
(10125, 411, 414, 0, '2025-10-13 10:11:37'),
(10126, 411, 415, 0, '2025-10-13 10:11:37'),
(10127, 411, 416, 0, '2025-10-13 10:11:37'),
(10128, 411, 417, 0, '2025-10-13 10:11:37'),
(10129, 411, 418, 0, '2025-10-13 10:11:37'),
(10130, 411, 419, 0, '2025-10-13 10:11:37'),
(10131, 412, 413, 0, '2025-10-13 10:11:37'),
(10132, 412, 414, 0, '2025-10-13 10:11:37'),
(10133, 412, 415, 0, '2025-10-13 10:11:37'),
(10134, 412, 416, 0, '2025-10-13 10:11:37'),
(10135, 412, 417, 0, '2025-10-13 10:11:37'),
(10136, 412, 418, 0, '2025-10-13 10:11:37'),
(10137, 412, 419, 0, '2025-10-13 10:11:37'),
(10138, 413, 414, 0, '2025-10-13 10:11:37'),
(10139, 413, 415, 0, '2025-10-13 10:11:37'),
(10140, 413, 416, 0, '2025-10-13 10:11:37'),
(10141, 413, 417, 0, '2025-10-13 10:11:37'),
(10142, 413, 418, 0, '2025-10-13 10:11:37'),
(10143, 413, 419, 0, '2025-10-13 10:11:37'),
(10144, 414, 415, 0, '2025-10-13 10:11:37'),
(10145, 414, 416, 0, '2025-10-13 10:11:37'),
(10146, 414, 417, 0, '2025-10-13 10:11:37'),
(10147, 414, 418, 0, '2025-10-13 10:11:37'),
(10148, 414, 419, 0, '2025-10-13 10:11:37'),
(10149, 415, 416, 0, '2025-10-13 10:11:37'),
(10150, 415, 417, 0, '2025-10-13 10:11:37'),
(10151, 415, 418, 0, '2025-10-13 10:11:37'),
(10152, 415, 419, 0, '2025-10-13 10:11:37'),
(10153, 416, 417, 0, '2025-10-13 10:11:37'),
(10154, 416, 418, 0, '2025-10-13 10:11:37'),
(10155, 416, 419, 0, '2025-10-13 10:11:37'),
(10156, 417, 418, 0, '2025-10-13 10:11:37'),
(10157, 417, 419, 0, '2025-10-13 10:11:37'),
(10158, 418, 419, 0, '2025-10-13 10:11:37'),
(10159, 410, 411, 0, '2025-10-13 10:11:38'),
(10160, 410, 412, 0, '2025-10-13 10:11:38'),
(10161, 410, 413, 0, '2025-10-13 10:11:38'),
(10162, 410, 414, 0, '2025-10-13 10:11:38'),
(10163, 410, 415, 0, '2025-10-13 10:11:38'),
(10164, 410, 416, 0, '2025-10-13 10:11:38'),
(10165, 410, 417, 0, '2025-10-13 10:11:38'),
(10166, 410, 418, 0, '2025-10-13 10:11:38'),
(10167, 410, 419, 0, '2025-10-13 10:11:38'),
(10168, 411, 412, 0, '2025-10-13 10:11:38'),
(10169, 411, 413, 0, '2025-10-13 10:11:38'),
(10170, 411, 414, 0, '2025-10-13 10:11:38'),
(10171, 411, 415, 0, '2025-10-13 10:11:38'),
(10172, 411, 416, 0, '2025-10-13 10:11:38'),
(10173, 411, 417, 0, '2025-10-13 10:11:38'),
(10174, 411, 418, 0, '2025-10-13 10:11:38'),
(10175, 411, 419, 0, '2025-10-13 10:11:38'),
(10176, 412, 413, 0, '2025-10-13 10:11:38'),
(10177, 412, 414, 0, '2025-10-13 10:11:38'),
(10178, 412, 415, 0, '2025-10-13 10:11:38'),
(10179, 412, 416, 0, '2025-10-13 10:11:38'),
(10180, 412, 417, 0, '2025-10-13 10:11:38'),
(10181, 412, 418, 0, '2025-10-13 10:11:38'),
(10182, 412, 419, 0, '2025-10-13 10:11:38'),
(10183, 413, 414, 0, '2025-10-13 10:11:38'),
(10184, 413, 415, 0, '2025-10-13 10:11:38'),
(10185, 413, 416, 0, '2025-10-13 10:11:38'),
(10186, 413, 417, 0, '2025-10-13 10:11:38'),
(10187, 413, 418, 0, '2025-10-13 10:11:38'),
(10188, 413, 419, 0, '2025-10-13 10:11:38'),
(10189, 414, 415, 0, '2025-10-13 10:11:38'),
(10190, 414, 416, 0, '2025-10-13 10:11:38'),
(10191, 414, 417, 0, '2025-10-13 10:11:38'),
(10192, 414, 418, 0, '2025-10-13 10:11:38'),
(10193, 414, 419, 0, '2025-10-13 10:11:38'),
(10194, 415, 416, 0, '2025-10-13 10:11:38'),
(10195, 415, 417, 0, '2025-10-13 10:11:38'),
(10196, 415, 418, 0, '2025-10-13 10:11:38'),
(10197, 415, 419, 0, '2025-10-13 10:11:38'),
(10198, 416, 417, 0, '2025-10-13 10:11:38'),
(10199, 416, 418, 0, '2025-10-13 10:11:38'),
(10200, 416, 419, 0, '2025-10-13 10:11:38'),
(10201, 417, 418, 0, '2025-10-13 10:11:38'),
(10202, 417, 419, 0, '2025-10-13 10:11:38'),
(10203, 418, 419, 0, '2025-10-13 10:11:38'),
(10204, 410, 411, 0, '2025-10-13 10:11:39'),
(10205, 410, 412, 0, '2025-10-13 10:11:39'),
(10206, 410, 413, 0, '2025-10-13 10:11:39'),
(10207, 410, 414, 0, '2025-10-13 10:11:39'),
(10208, 410, 415, 0, '2025-10-13 10:11:39'),
(10209, 410, 416, 0, '2025-10-13 10:11:39'),
(10210, 410, 417, 0, '2025-10-13 10:11:39'),
(10211, 410, 418, 0, '2025-10-13 10:11:39'),
(10212, 410, 419, 0, '2025-10-13 10:11:39'),
(10213, 411, 412, 0, '2025-10-13 10:11:39'),
(10214, 411, 413, 0, '2025-10-13 10:11:39'),
(10215, 411, 414, 0, '2025-10-13 10:11:39'),
(10216, 411, 415, 0, '2025-10-13 10:11:39'),
(10217, 411, 416, 0, '2025-10-13 10:11:39'),
(10218, 411, 417, 0, '2025-10-13 10:11:39'),
(10219, 411, 418, 0, '2025-10-13 10:11:39'),
(10220, 411, 419, 0, '2025-10-13 10:11:39'),
(10221, 412, 413, 0, '2025-10-13 10:11:39'),
(10222, 412, 414, 0, '2025-10-13 10:11:39'),
(10223, 412, 415, 0, '2025-10-13 10:11:39'),
(10224, 412, 416, 0, '2025-10-13 10:11:39'),
(10225, 412, 417, 0, '2025-10-13 10:11:39'),
(10226, 412, 418, 0, '2025-10-13 10:11:39'),
(10227, 412, 419, 0, '2025-10-13 10:11:39'),
(10228, 413, 414, 0, '2025-10-13 10:11:39'),
(10229, 413, 415, 0, '2025-10-13 10:11:39'),
(10230, 413, 416, 0, '2025-10-13 10:11:39'),
(10231, 413, 417, 0, '2025-10-13 10:11:39'),
(10232, 413, 418, 0, '2025-10-13 10:11:39'),
(10233, 413, 419, 0, '2025-10-13 10:11:39'),
(10234, 414, 415, 0, '2025-10-13 10:11:39'),
(10235, 414, 416, 0, '2025-10-13 10:11:39'),
(10236, 414, 417, 0, '2025-10-13 10:11:39'),
(10237, 414, 418, 0, '2025-10-13 10:11:39'),
(10238, 414, 419, 0, '2025-10-13 10:11:39'),
(10239, 415, 416, 0, '2025-10-13 10:11:39'),
(10240, 415, 417, 0, '2025-10-13 10:11:39'),
(10241, 415, 418, 0, '2025-10-13 10:11:39'),
(10242, 415, 419, 0, '2025-10-13 10:11:39'),
(10243, 416, 417, 0, '2025-10-13 10:11:39'),
(10244, 416, 418, 0, '2025-10-13 10:11:39'),
(10245, 416, 419, 0, '2025-10-13 10:11:39'),
(10246, 417, 418, 0, '2025-10-13 10:11:39'),
(10247, 417, 419, 0, '2025-10-13 10:11:39'),
(10248, 418, 419, 0, '2025-10-13 10:11:39'),
(10249, 410, 411, 0, '2025-10-13 10:11:39'),
(10250, 410, 412, 0, '2025-10-13 10:11:39'),
(10251, 410, 413, 0, '2025-10-13 10:11:39'),
(10252, 410, 414, 0, '2025-10-13 10:11:39'),
(10253, 410, 415, 0, '2025-10-13 10:11:39'),
(10254, 410, 416, 0, '2025-10-13 10:11:39'),
(10255, 410, 417, 0, '2025-10-13 10:11:39'),
(10256, 410, 418, 0, '2025-10-13 10:11:39'),
(10257, 410, 419, 0, '2025-10-13 10:11:39'),
(10258, 411, 412, 0, '2025-10-13 10:11:39'),
(10259, 411, 413, 0, '2025-10-13 10:11:39'),
(10260, 411, 414, 0, '2025-10-13 10:11:39'),
(10261, 411, 415, 0, '2025-10-13 10:11:39'),
(10262, 411, 416, 0, '2025-10-13 10:11:39'),
(10263, 411, 417, 0, '2025-10-13 10:11:39'),
(10264, 411, 418, 0, '2025-10-13 10:11:39'),
(10265, 411, 419, 0, '2025-10-13 10:11:39'),
(10266, 412, 413, 0, '2025-10-13 10:11:39'),
(10267, 412, 414, 0, '2025-10-13 10:11:39'),
(10268, 412, 415, 0, '2025-10-13 10:11:39'),
(10269, 412, 416, 0, '2025-10-13 10:11:39'),
(10270, 412, 417, 0, '2025-10-13 10:11:39'),
(10271, 412, 418, 0, '2025-10-13 10:11:39'),
(10272, 412, 419, 0, '2025-10-13 10:11:39'),
(10273, 413, 414, 0, '2025-10-13 10:11:39'),
(10274, 413, 415, 0, '2025-10-13 10:11:39'),
(10275, 413, 416, 0, '2025-10-13 10:11:39'),
(10276, 413, 417, 0, '2025-10-13 10:11:39'),
(10277, 413, 418, 0, '2025-10-13 10:11:39'),
(10278, 413, 419, 0, '2025-10-13 10:11:39'),
(10279, 414, 415, 0, '2025-10-13 10:11:39'),
(10280, 414, 416, 0, '2025-10-13 10:11:39'),
(10281, 414, 417, 0, '2025-10-13 10:11:39'),
(10282, 414, 418, 0, '2025-10-13 10:11:39'),
(10283, 414, 419, 0, '2025-10-13 10:11:39'),
(10284, 415, 416, 0, '2025-10-13 10:11:39'),
(10285, 415, 417, 0, '2025-10-13 10:11:39'),
(10286, 415, 418, 0, '2025-10-13 10:11:39'),
(10287, 415, 419, 0, '2025-10-13 10:11:39'),
(10288, 416, 417, 0, '2025-10-13 10:11:39'),
(10289, 416, 418, 0, '2025-10-13 10:11:39'),
(10290, 416, 419, 0, '2025-10-13 10:11:39'),
(10291, 417, 418, 0, '2025-10-13 10:11:39'),
(10292, 417, 419, 0, '2025-10-13 10:11:39'),
(10293, 418, 419, 0, '2025-10-13 10:11:39'),
(10294, 410, 411, 0, '2025-10-13 11:34:41'),
(10295, 410, 412, 0, '2025-10-13 11:34:41'),
(10296, 410, 413, 0, '2025-10-13 11:34:41'),
(10297, 410, 414, 0, '2025-10-13 11:34:41'),
(10298, 410, 415, 0, '2025-10-13 11:34:41'),
(10299, 410, 416, 0, '2025-10-13 11:34:41'),
(10300, 410, 417, 0, '2025-10-13 11:34:41'),
(10301, 410, 418, 0, '2025-10-13 11:34:41'),
(10302, 410, 419, 0, '2025-10-13 11:34:41'),
(10303, 411, 412, 0, '2025-10-13 11:34:41'),
(10304, 411, 413, 0, '2025-10-13 11:34:41'),
(10305, 411, 414, 0, '2025-10-13 11:34:41'),
(10306, 411, 415, 0, '2025-10-13 11:34:41'),
(10307, 411, 416, 0, '2025-10-13 11:34:41'),
(10308, 411, 417, 0, '2025-10-13 11:34:41'),
(10309, 411, 418, 0, '2025-10-13 11:34:41'),
(10310, 411, 419, 0, '2025-10-13 11:34:41'),
(10311, 412, 413, 0, '2025-10-13 11:34:41'),
(10312, 412, 414, 0, '2025-10-13 11:34:41'),
(10313, 412, 415, 0, '2025-10-13 11:34:41'),
(10314, 412, 416, 0, '2025-10-13 11:34:41'),
(10315, 412, 417, 0, '2025-10-13 11:34:41'),
(10316, 412, 418, 0, '2025-10-13 11:34:41'),
(10317, 412, 419, 0, '2025-10-13 11:34:41'),
(10318, 413, 414, 0, '2025-10-13 11:34:41'),
(10319, 413, 415, 0, '2025-10-13 11:34:41'),
(10320, 413, 416, 0, '2025-10-13 11:34:41'),
(10321, 413, 417, 0, '2025-10-13 11:34:41'),
(10322, 413, 418, 0, '2025-10-13 11:34:41'),
(10323, 413, 419, 0, '2025-10-13 11:34:41'),
(10324, 414, 415, 0, '2025-10-13 11:34:41'),
(10325, 414, 416, 0, '2025-10-13 11:34:41'),
(10326, 414, 417, 0, '2025-10-13 11:34:41'),
(10327, 414, 418, 0, '2025-10-13 11:34:41'),
(10328, 414, 419, 0, '2025-10-13 11:34:41'),
(10329, 415, 416, 0, '2025-10-13 11:34:41'),
(10330, 415, 417, 0, '2025-10-13 11:34:41'),
(10331, 415, 418, 0, '2025-10-13 11:34:41'),
(10332, 415, 419, 0, '2025-10-13 11:34:41'),
(10333, 416, 417, 0, '2025-10-13 11:34:41'),
(10334, 416, 418, 0, '2025-10-13 11:34:41'),
(10335, 416, 419, 0, '2025-10-13 11:34:41'),
(10336, 417, 418, 0, '2025-10-13 11:34:41'),
(10337, 417, 419, 0, '2025-10-13 11:34:41'),
(10338, 418, 419, 0, '2025-10-13 11:34:41'),
(10339, 410, 411, 0, '2025-10-13 11:34:42'),
(10340, 410, 412, 0, '2025-10-13 11:34:42'),
(10341, 410, 413, 0, '2025-10-13 11:34:42'),
(10342, 410, 414, 0, '2025-10-13 11:34:42'),
(10343, 410, 415, 0, '2025-10-13 11:34:42'),
(10344, 410, 416, 0, '2025-10-13 11:34:42'),
(10345, 410, 417, 0, '2025-10-13 11:34:42'),
(10346, 410, 418, 0, '2025-10-13 11:34:42'),
(10347, 410, 419, 0, '2025-10-13 11:34:42'),
(10348, 411, 412, 0, '2025-10-13 11:34:42'),
(10349, 411, 413, 0, '2025-10-13 11:34:42'),
(10350, 411, 414, 0, '2025-10-13 11:34:42'),
(10351, 411, 415, 0, '2025-10-13 11:34:42'),
(10352, 411, 416, 0, '2025-10-13 11:34:42'),
(10353, 411, 417, 0, '2025-10-13 11:34:42'),
(10354, 411, 418, 0, '2025-10-13 11:34:42'),
(10355, 411, 419, 0, '2025-10-13 11:34:42'),
(10356, 412, 413, 0, '2025-10-13 11:34:42'),
(10357, 412, 414, 0, '2025-10-13 11:34:42'),
(10358, 412, 415, 0, '2025-10-13 11:34:42'),
(10359, 412, 416, 0, '2025-10-13 11:34:42'),
(10360, 412, 417, 0, '2025-10-13 11:34:42'),
(10361, 412, 418, 0, '2025-10-13 11:34:42'),
(10362, 412, 419, 0, '2025-10-13 11:34:42'),
(10363, 413, 414, 0, '2025-10-13 11:34:42'),
(10364, 413, 415, 0, '2025-10-13 11:34:42'),
(10365, 413, 416, 0, '2025-10-13 11:34:42'),
(10366, 413, 417, 0, '2025-10-13 11:34:42'),
(10367, 413, 418, 0, '2025-10-13 11:34:42'),
(10368, 413, 419, 0, '2025-10-13 11:34:42'),
(10369, 414, 415, 0, '2025-10-13 11:34:42'),
(10370, 414, 416, 0, '2025-10-13 11:34:42'),
(10371, 414, 417, 0, '2025-10-13 11:34:42'),
(10372, 414, 418, 0, '2025-10-13 11:34:42'),
(10373, 414, 419, 0, '2025-10-13 11:34:42'),
(10374, 415, 416, 0, '2025-10-13 11:34:42'),
(10375, 415, 417, 0, '2025-10-13 11:34:42'),
(10376, 415, 418, 0, '2025-10-13 11:34:42'),
(10377, 415, 419, 0, '2025-10-13 11:34:42'),
(10378, 416, 417, 0, '2025-10-13 11:34:42'),
(10379, 416, 418, 0, '2025-10-13 11:34:42'),
(10380, 416, 419, 0, '2025-10-13 11:34:42'),
(10381, 417, 418, 0, '2025-10-13 11:34:42'),
(10382, 417, 419, 0, '2025-10-13 11:34:42'),
(10383, 418, 419, 0, '2025-10-13 11:34:42'),
(10384, 410, 411, 0, '2025-10-13 11:34:44'),
(10385, 410, 412, 0, '2025-10-13 11:34:44'),
(10386, 410, 413, 0, '2025-10-13 11:34:44'),
(10387, 410, 414, 0, '2025-10-13 11:34:44'),
(10388, 410, 415, 0, '2025-10-13 11:34:44'),
(10389, 410, 416, 0, '2025-10-13 11:34:44'),
(10390, 410, 417, 0, '2025-10-13 11:34:44'),
(10391, 410, 418, 0, '2025-10-13 11:34:44'),
(10392, 410, 419, 0, '2025-10-13 11:34:44'),
(10393, 411, 412, 0, '2025-10-13 11:34:44'),
(10394, 411, 413, 0, '2025-10-13 11:34:44'),
(10395, 411, 414, 0, '2025-10-13 11:34:44'),
(10396, 411, 415, 0, '2025-10-13 11:34:44'),
(10397, 411, 416, 0, '2025-10-13 11:34:44'),
(10398, 411, 417, 0, '2025-10-13 11:34:44'),
(10399, 411, 418, 0, '2025-10-13 11:34:44'),
(10400, 411, 419, 0, '2025-10-13 11:34:44'),
(10401, 412, 413, 0, '2025-10-13 11:34:44'),
(10402, 412, 414, 0, '2025-10-13 11:34:44'),
(10403, 412, 415, 0, '2025-10-13 11:34:44'),
(10404, 412, 416, 0, '2025-10-13 11:34:44'),
(10405, 412, 417, 0, '2025-10-13 11:34:44'),
(10406, 412, 418, 0, '2025-10-13 11:34:44'),
(10407, 412, 419, 0, '2025-10-13 11:34:44'),
(10408, 413, 414, 0, '2025-10-13 11:34:44'),
(10409, 413, 415, 0, '2025-10-13 11:34:44'),
(10410, 413, 416, 0, '2025-10-13 11:34:44'),
(10411, 413, 417, 0, '2025-10-13 11:34:44'),
(10412, 413, 418, 0, '2025-10-13 11:34:44'),
(10413, 413, 419, 0, '2025-10-13 11:34:44'),
(10414, 414, 415, 0, '2025-10-13 11:34:44'),
(10415, 414, 416, 0, '2025-10-13 11:34:44'),
(10416, 414, 417, 0, '2025-10-13 11:34:44'),
(10417, 414, 418, 0, '2025-10-13 11:34:44'),
(10418, 414, 419, 0, '2025-10-13 11:34:44'),
(10419, 415, 416, 0, '2025-10-13 11:34:44'),
(10420, 415, 417, 0, '2025-10-13 11:34:44'),
(10421, 415, 418, 0, '2025-10-13 11:34:44'),
(10422, 415, 419, 0, '2025-10-13 11:34:44'),
(10423, 416, 417, 0, '2025-10-13 11:34:44'),
(10424, 416, 418, 0, '2025-10-13 11:34:44'),
(10425, 416, 419, 0, '2025-10-13 11:34:44'),
(10426, 417, 418, 0, '2025-10-13 11:34:44'),
(10427, 417, 419, 0, '2025-10-13 11:34:44'),
(10428, 418, 419, 0, '2025-10-13 11:34:44'),
(10429, 410, 411, 0, '2025-10-13 11:34:44'),
(10430, 410, 412, 0, '2025-10-13 11:34:44'),
(10431, 410, 413, 0, '2025-10-13 11:34:44'),
(10432, 410, 414, 0, '2025-10-13 11:34:44'),
(10433, 410, 415, 0, '2025-10-13 11:34:44'),
(10434, 410, 416, 0, '2025-10-13 11:34:44'),
(10435, 410, 417, 0, '2025-10-13 11:34:44'),
(10436, 410, 418, 0, '2025-10-13 11:34:44'),
(10437, 410, 419, 0, '2025-10-13 11:34:44'),
(10438, 411, 412, 0, '2025-10-13 11:34:44'),
(10439, 411, 413, 0, '2025-10-13 11:34:44'),
(10440, 411, 414, 0, '2025-10-13 11:34:44'),
(10441, 411, 415, 0, '2025-10-13 11:34:44'),
(10442, 411, 416, 0, '2025-10-13 11:34:44'),
(10443, 411, 417, 0, '2025-10-13 11:34:44'),
(10444, 411, 418, 0, '2025-10-13 11:34:44'),
(10445, 411, 419, 0, '2025-10-13 11:34:44'),
(10446, 412, 413, 0, '2025-10-13 11:34:44'),
(10447, 412, 414, 0, '2025-10-13 11:34:44'),
(10448, 412, 415, 0, '2025-10-13 11:34:44'),
(10449, 412, 416, 0, '2025-10-13 11:34:44'),
(10450, 412, 417, 0, '2025-10-13 11:34:44'),
(10451, 412, 418, 0, '2025-10-13 11:34:44'),
(10452, 412, 419, 0, '2025-10-13 11:34:44'),
(10453, 413, 414, 0, '2025-10-13 11:34:44'),
(10454, 413, 415, 0, '2025-10-13 11:34:44'),
(10455, 413, 416, 0, '2025-10-13 11:34:44'),
(10456, 413, 417, 0, '2025-10-13 11:34:44'),
(10457, 413, 418, 0, '2025-10-13 11:34:44'),
(10458, 413, 419, 0, '2025-10-13 11:34:44'),
(10459, 414, 415, 0, '2025-10-13 11:34:44'),
(10460, 414, 416, 0, '2025-10-13 11:34:44'),
(10461, 414, 417, 0, '2025-10-13 11:34:44'),
(10462, 414, 418, 0, '2025-10-13 11:34:44'),
(10463, 414, 419, 0, '2025-10-13 11:34:44'),
(10464, 415, 416, 0, '2025-10-13 11:34:44'),
(10465, 415, 417, 0, '2025-10-13 11:34:44'),
(10466, 415, 418, 0, '2025-10-13 11:34:44'),
(10467, 415, 419, 0, '2025-10-13 11:34:44'),
(10468, 416, 417, 0, '2025-10-13 11:34:44'),
(10469, 416, 418, 0, '2025-10-13 11:34:44'),
(10470, 416, 419, 0, '2025-10-13 11:34:44'),
(10471, 417, 418, 0, '2025-10-13 11:34:44'),
(10472, 417, 419, 0, '2025-10-13 11:34:44'),
(10473, 418, 419, 0, '2025-10-13 11:34:44'),
(10474, 410, 411, 0, '2025-10-13 11:34:45'),
(10475, 410, 412, 0, '2025-10-13 11:34:45'),
(10476, 410, 413, 0, '2025-10-13 11:34:45'),
(10477, 410, 414, 0, '2025-10-13 11:34:45'),
(10478, 410, 415, 0, '2025-10-13 11:34:45'),
(10479, 410, 416, 0, '2025-10-13 11:34:45'),
(10480, 410, 417, 0, '2025-10-13 11:34:45'),
(10481, 410, 418, 0, '2025-10-13 11:34:45'),
(10482, 410, 419, 0, '2025-10-13 11:34:45'),
(10483, 411, 412, 0, '2025-10-13 11:34:45'),
(10484, 411, 413, 0, '2025-10-13 11:34:45'),
(10485, 411, 414, 0, '2025-10-13 11:34:45'),
(10486, 411, 415, 0, '2025-10-13 11:34:45'),
(10487, 411, 416, 0, '2025-10-13 11:34:45'),
(10488, 411, 417, 0, '2025-10-13 11:34:45'),
(10489, 411, 418, 0, '2025-10-13 11:34:45'),
(10490, 411, 419, 0, '2025-10-13 11:34:45'),
(10491, 412, 413, 0, '2025-10-13 11:34:45'),
(10492, 412, 414, 0, '2025-10-13 11:34:45'),
(10493, 412, 415, 0, '2025-10-13 11:34:45'),
(10494, 412, 416, 0, '2025-10-13 11:34:45'),
(10495, 412, 417, 0, '2025-10-13 11:34:45'),
(10496, 412, 418, 0, '2025-10-13 11:34:45'),
(10497, 412, 419, 0, '2025-10-13 11:34:45'),
(10498, 413, 414, 0, '2025-10-13 11:34:45'),
(10499, 413, 415, 0, '2025-10-13 11:34:45'),
(10500, 413, 416, 0, '2025-10-13 11:34:45'),
(10501, 413, 417, 0, '2025-10-13 11:34:45'),
(10502, 413, 418, 0, '2025-10-13 11:34:45'),
(10503, 413, 419, 0, '2025-10-13 11:34:45'),
(10504, 414, 415, 0, '2025-10-13 11:34:45'),
(10505, 414, 416, 0, '2025-10-13 11:34:45'),
(10506, 414, 417, 0, '2025-10-13 11:34:45'),
(10507, 414, 418, 0, '2025-10-13 11:34:45'),
(10508, 414, 419, 0, '2025-10-13 11:34:45'),
(10509, 415, 416, 0, '2025-10-13 11:34:45'),
(10510, 415, 417, 0, '2025-10-13 11:34:45'),
(10511, 415, 418, 0, '2025-10-13 11:34:45'),
(10512, 415, 419, 0, '2025-10-13 11:34:45'),
(10513, 416, 417, 0, '2025-10-13 11:34:45'),
(10514, 416, 418, 0, '2025-10-13 11:34:45'),
(10515, 416, 419, 0, '2025-10-13 11:34:45'),
(10516, 417, 418, 0, '2025-10-13 11:34:45'),
(10517, 417, 419, 0, '2025-10-13 11:34:45'),
(10518, 418, 419, 0, '2025-10-13 11:34:45'),
(10519, 410, 411, 0, '2025-10-13 11:35:01'),
(10520, 410, 412, 0, '2025-10-13 11:35:01'),
(10521, 410, 413, 0, '2025-10-13 11:35:01'),
(10522, 410, 414, 0, '2025-10-13 11:35:01'),
(10523, 410, 415, 0, '2025-10-13 11:35:01'),
(10524, 410, 416, 0, '2025-10-13 11:35:01'),
(10525, 410, 417, 0, '2025-10-13 11:35:01'),
(10526, 410, 418, 0, '2025-10-13 11:35:01'),
(10527, 410, 419, 0, '2025-10-13 11:35:01'),
(10528, 411, 412, 0, '2025-10-13 11:35:01'),
(10529, 411, 413, 0, '2025-10-13 11:35:01'),
(10530, 411, 414, 0, '2025-10-13 11:35:01'),
(10531, 411, 415, 0, '2025-10-13 11:35:01'),
(10532, 411, 416, 0, '2025-10-13 11:35:01'),
(10533, 411, 417, 0, '2025-10-13 11:35:01'),
(10534, 411, 418, 0, '2025-10-13 11:35:01'),
(10535, 411, 419, 0, '2025-10-13 11:35:01'),
(10536, 412, 413, 0, '2025-10-13 11:35:01'),
(10537, 412, 414, 0, '2025-10-13 11:35:01'),
(10538, 412, 415, 0, '2025-10-13 11:35:01'),
(10539, 412, 416, 0, '2025-10-13 11:35:01'),
(10540, 412, 417, 0, '2025-10-13 11:35:01'),
(10541, 412, 418, 0, '2025-10-13 11:35:01'),
(10542, 412, 419, 0, '2025-10-13 11:35:01'),
(10543, 413, 414, 0, '2025-10-13 11:35:01'),
(10544, 413, 415, 0, '2025-10-13 11:35:01'),
(10545, 413, 416, 0, '2025-10-13 11:35:01'),
(10546, 413, 417, 0, '2025-10-13 11:35:01'),
(10547, 413, 418, 0, '2025-10-13 11:35:01'),
(10548, 413, 419, 0, '2025-10-13 11:35:01'),
(10549, 414, 415, 0, '2025-10-13 11:35:01'),
(10550, 414, 416, 0, '2025-10-13 11:35:01'),
(10551, 414, 417, 0, '2025-10-13 11:35:01'),
(10552, 414, 418, 0, '2025-10-13 11:35:01'),
(10553, 414, 419, 0, '2025-10-13 11:35:01'),
(10554, 415, 416, 0, '2025-10-13 11:35:01'),
(10555, 415, 417, 0, '2025-10-13 11:35:01'),
(10556, 415, 418, 0, '2025-10-13 11:35:01'),
(10557, 415, 419, 0, '2025-10-13 11:35:01'),
(10558, 416, 417, 0, '2025-10-13 11:35:01'),
(10559, 416, 418, 0, '2025-10-13 11:35:01'),
(10560, 416, 419, 0, '2025-10-13 11:35:01'),
(10561, 417, 418, 0, '2025-10-13 11:35:01'),
(10562, 417, 419, 0, '2025-10-13 11:35:01'),
(10563, 418, 419, 0, '2025-10-13 11:35:01'),
(10564, 410, 411, 0, '2025-10-13 11:35:16'),
(10565, 410, 412, 0, '2025-10-13 11:35:16'),
(10566, 410, 413, 0, '2025-10-13 11:35:16'),
(10567, 410, 414, 0, '2025-10-13 11:35:16'),
(10568, 410, 415, 0, '2025-10-13 11:35:16'),
(10569, 410, 416, 0, '2025-10-13 11:35:16'),
(10570, 410, 417, 0, '2025-10-13 11:35:16'),
(10571, 410, 418, 0, '2025-10-13 11:35:16'),
(10572, 410, 419, 0, '2025-10-13 11:35:16'),
(10573, 411, 412, 0, '2025-10-13 11:35:16'),
(10574, 411, 413, 0, '2025-10-13 11:35:16'),
(10575, 411, 414, 0, '2025-10-13 11:35:16'),
(10576, 411, 415, 0, '2025-10-13 11:35:16'),
(10577, 411, 416, 0, '2025-10-13 11:35:16'),
(10578, 411, 417, 0, '2025-10-13 11:35:16'),
(10579, 411, 418, 0, '2025-10-13 11:35:16'),
(10580, 411, 419, 0, '2025-10-13 11:35:16'),
(10581, 412, 413, 0, '2025-10-13 11:35:16'),
(10582, 412, 414, 0, '2025-10-13 11:35:16'),
(10583, 412, 415, 0, '2025-10-13 11:35:16'),
(10584, 412, 416, 0, '2025-10-13 11:35:16'),
(10585, 412, 417, 0, '2025-10-13 11:35:16'),
(10586, 412, 418, 0, '2025-10-13 11:35:16'),
(10587, 412, 419, 0, '2025-10-13 11:35:16'),
(10588, 413, 414, 0, '2025-10-13 11:35:16'),
(10589, 413, 415, 0, '2025-10-13 11:35:16'),
(10590, 413, 416, 0, '2025-10-13 11:35:16'),
(10591, 413, 417, 0, '2025-10-13 11:35:16'),
(10592, 413, 418, 0, '2025-10-13 11:35:16'),
(10593, 413, 419, 0, '2025-10-13 11:35:16'),
(10594, 414, 415, 0, '2025-10-13 11:35:16'),
(10595, 414, 416, 0, '2025-10-13 11:35:16'),
(10596, 414, 417, 0, '2025-10-13 11:35:16'),
(10597, 414, 418, 0, '2025-10-13 11:35:16'),
(10598, 414, 419, 0, '2025-10-13 11:35:16'),
(10599, 415, 416, 0, '2025-10-13 11:35:16'),
(10600, 415, 417, 0, '2025-10-13 11:35:16'),
(10601, 415, 418, 0, '2025-10-13 11:35:16'),
(10602, 415, 419, 0, '2025-10-13 11:35:16'),
(10603, 416, 417, 0, '2025-10-13 11:35:16'),
(10604, 416, 418, 0, '2025-10-13 11:35:16'),
(10605, 416, 419, 0, '2025-10-13 11:35:16'),
(10606, 417, 418, 0, '2025-10-13 11:35:16'),
(10607, 417, 419, 0, '2025-10-13 11:35:16'),
(10608, 418, 419, 0, '2025-10-13 11:35:16'),
(10609, 410, 411, 0, '2025-10-13 11:35:34'),
(10610, 410, 412, 0, '2025-10-13 11:35:34'),
(10611, 410, 413, 0, '2025-10-13 11:35:34'),
(10612, 410, 414, 0, '2025-10-13 11:35:34'),
(10613, 410, 415, 0, '2025-10-13 11:35:34'),
(10614, 410, 416, 0, '2025-10-13 11:35:34'),
(10615, 410, 417, 0, '2025-10-13 11:35:34'),
(10616, 410, 418, 0, '2025-10-13 11:35:34'),
(10617, 410, 419, 0, '2025-10-13 11:35:34'),
(10618, 411, 412, 0, '2025-10-13 11:35:34'),
(10619, 411, 413, 0, '2025-10-13 11:35:34'),
(10620, 411, 414, 0, '2025-10-13 11:35:34'),
(10621, 411, 415, 0, '2025-10-13 11:35:34'),
(10622, 411, 416, 0, '2025-10-13 11:35:34'),
(10623, 411, 417, 0, '2025-10-13 11:35:34'),
(10624, 411, 418, 0, '2025-10-13 11:35:34'),
(10625, 411, 419, 0, '2025-10-13 11:35:34'),
(10626, 412, 413, 0, '2025-10-13 11:35:34'),
(10627, 412, 414, 0, '2025-10-13 11:35:34'),
(10628, 412, 415, 0, '2025-10-13 11:35:34'),
(10629, 412, 416, 0, '2025-10-13 11:35:34'),
(10630, 412, 417, 0, '2025-10-13 11:35:34'),
(10631, 412, 418, 0, '2025-10-13 11:35:34'),
(10632, 412, 419, 0, '2025-10-13 11:35:34'),
(10633, 413, 414, 0, '2025-10-13 11:35:34'),
(10634, 413, 415, 0, '2025-10-13 11:35:34'),
(10635, 413, 416, 0, '2025-10-13 11:35:34'),
(10636, 413, 417, 0, '2025-10-13 11:35:34'),
(10637, 413, 418, 0, '2025-10-13 11:35:34'),
(10638, 413, 419, 0, '2025-10-13 11:35:34'),
(10639, 414, 415, 0, '2025-10-13 11:35:34'),
(10640, 414, 416, 0, '2025-10-13 11:35:34'),
(10641, 414, 417, 0, '2025-10-13 11:35:34'),
(10642, 414, 418, 0, '2025-10-13 11:35:34'),
(10643, 414, 419, 0, '2025-10-13 11:35:34'),
(10644, 415, 416, 0, '2025-10-13 11:35:34'),
(10645, 415, 417, 0, '2025-10-13 11:35:34'),
(10646, 415, 418, 0, '2025-10-13 11:35:34'),
(10647, 415, 419, 0, '2025-10-13 11:35:34'),
(10648, 416, 417, 0, '2025-10-13 11:35:34'),
(10649, 416, 418, 0, '2025-10-13 11:35:34'),
(10650, 416, 419, 0, '2025-10-13 11:35:34'),
(10651, 417, 418, 0, '2025-10-13 11:35:34'),
(10652, 417, 419, 0, '2025-10-13 11:35:34'),
(10653, 418, 419, 0, '2025-10-13 11:35:34'),
(10654, 410, 411, 0, '2025-10-13 11:35:36'),
(10655, 410, 412, 0, '2025-10-13 11:35:36'),
(10656, 410, 413, 0, '2025-10-13 11:35:36'),
(10657, 410, 414, 0, '2025-10-13 11:35:36'),
(10658, 410, 415, 0, '2025-10-13 11:35:36'),
(10659, 410, 416, 0, '2025-10-13 11:35:36'),
(10660, 410, 417, 0, '2025-10-13 11:35:36'),
(10661, 410, 418, 0, '2025-10-13 11:35:36'),
(10662, 410, 419, 0, '2025-10-13 11:35:36'),
(10663, 411, 412, 0, '2025-10-13 11:35:36'),
(10664, 411, 413, 0, '2025-10-13 11:35:36'),
(10665, 411, 414, 0, '2025-10-13 11:35:36'),
(10666, 411, 415, 0, '2025-10-13 11:35:36'),
(10667, 411, 416, 0, '2025-10-13 11:35:36'),
(10668, 411, 417, 0, '2025-10-13 11:35:36'),
(10669, 411, 418, 0, '2025-10-13 11:35:36'),
(10670, 411, 419, 0, '2025-10-13 11:35:36'),
(10671, 412, 413, 0, '2025-10-13 11:35:36'),
(10672, 412, 414, 0, '2025-10-13 11:35:36'),
(10673, 412, 415, 0, '2025-10-13 11:35:36'),
(10674, 412, 416, 0, '2025-10-13 11:35:36'),
(10675, 412, 417, 0, '2025-10-13 11:35:36'),
(10676, 412, 418, 0, '2025-10-13 11:35:36'),
(10677, 412, 419, 0, '2025-10-13 11:35:36'),
(10678, 413, 414, 0, '2025-10-13 11:35:36'),
(10679, 413, 415, 0, '2025-10-13 11:35:36'),
(10680, 413, 416, 0, '2025-10-13 11:35:36'),
(10681, 413, 417, 0, '2025-10-13 11:35:36'),
(10682, 413, 418, 0, '2025-10-13 11:35:36'),
(10683, 413, 419, 0, '2025-10-13 11:35:36'),
(10684, 414, 415, 0, '2025-10-13 11:35:36'),
(10685, 414, 416, 0, '2025-10-13 11:35:36'),
(10686, 414, 417, 0, '2025-10-13 11:35:36'),
(10687, 414, 418, 0, '2025-10-13 11:35:36'),
(10688, 414, 419, 0, '2025-10-13 11:35:36'),
(10689, 415, 416, 0, '2025-10-13 11:35:36'),
(10690, 415, 417, 0, '2025-10-13 11:35:36'),
(10691, 415, 418, 0, '2025-10-13 11:35:36'),
(10692, 415, 419, 0, '2025-10-13 11:35:36'),
(10693, 416, 417, 0, '2025-10-13 11:35:36'),
(10694, 416, 418, 0, '2025-10-13 11:35:36'),
(10695, 416, 419, 0, '2025-10-13 11:35:36'),
(10696, 417, 418, 0, '2025-10-13 11:35:36'),
(10697, 417, 419, 0, '2025-10-13 11:35:36'),
(10698, 418, 419, 0, '2025-10-13 11:35:36'),
(10699, 410, 411, 0, '2025-10-13 11:35:53'),
(10700, 410, 412, 0, '2025-10-13 11:35:53'),
(10701, 410, 413, 0, '2025-10-13 11:35:53'),
(10702, 410, 414, 0, '2025-10-13 11:35:53'),
(10703, 410, 415, 0, '2025-10-13 11:35:53'),
(10704, 410, 416, 0, '2025-10-13 11:35:53'),
(10705, 410, 417, 0, '2025-10-13 11:35:53'),
(10706, 410, 418, 0, '2025-10-13 11:35:53'),
(10707, 410, 419, 0, '2025-10-13 11:35:53'),
(10708, 411, 412, 0, '2025-10-13 11:35:53'),
(10709, 411, 413, 0, '2025-10-13 11:35:53'),
(10710, 411, 414, 0, '2025-10-13 11:35:53'),
(10711, 411, 415, 0, '2025-10-13 11:35:53'),
(10712, 411, 416, 0, '2025-10-13 11:35:53'),
(10713, 411, 417, 0, '2025-10-13 11:35:53'),
(10714, 411, 418, 0, '2025-10-13 11:35:53'),
(10715, 411, 419, 0, '2025-10-13 11:35:53'),
(10716, 412, 413, 0, '2025-10-13 11:35:53'),
(10717, 412, 414, 0, '2025-10-13 11:35:53'),
(10718, 412, 415, 0, '2025-10-13 11:35:53'),
(10719, 412, 416, 0, '2025-10-13 11:35:53'),
(10720, 412, 417, 0, '2025-10-13 11:35:53'),
(10721, 412, 418, 0, '2025-10-13 11:35:53'),
(10722, 412, 419, 0, '2025-10-13 11:35:53'),
(10723, 413, 414, 0, '2025-10-13 11:35:53'),
(10724, 413, 415, 0, '2025-10-13 11:35:53'),
(10725, 413, 416, 0, '2025-10-13 11:35:53'),
(10726, 413, 417, 0, '2025-10-13 11:35:53'),
(10727, 413, 418, 0, '2025-10-13 11:35:53'),
(10728, 413, 419, 0, '2025-10-13 11:35:53'),
(10729, 414, 415, 0, '2025-10-13 11:35:53'),
(10730, 414, 416, 0, '2025-10-13 11:35:53'),
(10731, 414, 417, 0, '2025-10-13 11:35:53'),
(10732, 414, 418, 0, '2025-10-13 11:35:53'),
(10733, 414, 419, 0, '2025-10-13 11:35:53'),
(10734, 415, 416, 0, '2025-10-13 11:35:53'),
(10735, 415, 417, 0, '2025-10-13 11:35:53'),
(10736, 415, 418, 0, '2025-10-13 11:35:53'),
(10737, 415, 419, 0, '2025-10-13 11:35:53'),
(10738, 416, 417, 0, '2025-10-13 11:35:53'),
(10739, 416, 418, 0, '2025-10-13 11:35:53'),
(10740, 416, 419, 0, '2025-10-13 11:35:53'),
(10741, 417, 418, 0, '2025-10-13 11:35:53'),
(10742, 417, 419, 0, '2025-10-13 11:35:53'),
(10743, 418, 419, 0, '2025-10-13 11:35:53'),
(10744, 410, 411, 0, '2025-10-13 11:39:49'),
(10745, 410, 412, 0, '2025-10-13 11:39:49'),
(10746, 410, 413, 0, '2025-10-13 11:39:49'),
(10747, 410, 414, 0, '2025-10-13 11:39:49'),
(10748, 410, 415, 0, '2025-10-13 11:39:49'),
(10749, 410, 416, 0, '2025-10-13 11:39:49'),
(10750, 410, 417, 0, '2025-10-13 11:39:49'),
(10751, 410, 418, 0, '2025-10-13 11:39:49'),
(10752, 410, 419, 0, '2025-10-13 11:39:49'),
(10753, 411, 412, 0, '2025-10-13 11:39:49'),
(10754, 411, 413, 0, '2025-10-13 11:39:49'),
(10755, 411, 414, 0, '2025-10-13 11:39:49'),
(10756, 411, 415, 0, '2025-10-13 11:39:49'),
(10757, 411, 416, 0, '2025-10-13 11:39:49'),
(10758, 411, 417, 0, '2025-10-13 11:39:49'),
(10759, 411, 418, 0, '2025-10-13 11:39:49'),
(10760, 411, 419, 0, '2025-10-13 11:39:49'),
(10761, 412, 413, 0, '2025-10-13 11:39:49'),
(10762, 412, 414, 0, '2025-10-13 11:39:49'),
(10763, 412, 415, 0, '2025-10-13 11:39:49'),
(10764, 412, 416, 0, '2025-10-13 11:39:49'),
(10765, 412, 417, 0, '2025-10-13 11:39:49'),
(10766, 412, 418, 0, '2025-10-13 11:39:49'),
(10767, 412, 419, 0, '2025-10-13 11:39:49'),
(10768, 413, 414, 0, '2025-10-13 11:39:49'),
(10769, 413, 415, 0, '2025-10-13 11:39:49'),
(10770, 413, 416, 0, '2025-10-13 11:39:49'),
(10771, 413, 417, 0, '2025-10-13 11:39:49'),
(10772, 413, 418, 0, '2025-10-13 11:39:49'),
(10773, 413, 419, 0, '2025-10-13 11:39:49'),
(10774, 414, 415, 0, '2025-10-13 11:39:49'),
(10775, 414, 416, 0, '2025-10-13 11:39:49'),
(10776, 414, 417, 0, '2025-10-13 11:39:49'),
(10777, 414, 418, 0, '2025-10-13 11:39:49'),
(10778, 414, 419, 0, '2025-10-13 11:39:49'),
(10779, 415, 416, 0, '2025-10-13 11:39:49'),
(10780, 415, 417, 0, '2025-10-13 11:39:49'),
(10781, 415, 418, 0, '2025-10-13 11:39:49'),
(10782, 415, 419, 0, '2025-10-13 11:39:49'),
(10783, 416, 417, 0, '2025-10-13 11:39:49'),
(10784, 416, 418, 0, '2025-10-13 11:39:49'),
(10785, 416, 419, 0, '2025-10-13 11:39:49'),
(10786, 417, 418, 0, '2025-10-13 11:39:49'),
(10787, 417, 419, 0, '2025-10-13 11:39:49'),
(10788, 418, 419, 0, '2025-10-13 11:39:49'),
(10789, 410, 411, 0, '2025-10-13 11:39:51'),
(10790, 410, 412, 0, '2025-10-13 11:39:51'),
(10791, 410, 413, 0, '2025-10-13 11:39:51'),
(10792, 410, 414, 0, '2025-10-13 11:39:51'),
(10793, 410, 415, 0, '2025-10-13 11:39:51'),
(10794, 410, 416, 0, '2025-10-13 11:39:51'),
(10795, 410, 417, 0, '2025-10-13 11:39:51'),
(10796, 410, 418, 0, '2025-10-13 11:39:51'),
(10797, 410, 419, 0, '2025-10-13 11:39:51'),
(10798, 411, 412, 0, '2025-10-13 11:39:51'),
(10799, 411, 413, 0, '2025-10-13 11:39:51'),
(10800, 411, 414, 0, '2025-10-13 11:39:51'),
(10801, 411, 415, 0, '2025-10-13 11:39:51'),
(10802, 411, 416, 0, '2025-10-13 11:39:51'),
(10803, 411, 417, 0, '2025-10-13 11:39:51'),
(10804, 411, 418, 0, '2025-10-13 11:39:51'),
(10805, 411, 419, 0, '2025-10-13 11:39:51'),
(10806, 412, 413, 0, '2025-10-13 11:39:51'),
(10807, 412, 414, 0, '2025-10-13 11:39:51'),
(10808, 412, 415, 0, '2025-10-13 11:39:51'),
(10809, 412, 416, 0, '2025-10-13 11:39:51'),
(10810, 412, 417, 0, '2025-10-13 11:39:51'),
(10811, 412, 418, 0, '2025-10-13 11:39:51'),
(10812, 412, 419, 0, '2025-10-13 11:39:51'),
(10813, 413, 414, 0, '2025-10-13 11:39:51'),
(10814, 413, 415, 0, '2025-10-13 11:39:51'),
(10815, 413, 416, 0, '2025-10-13 11:39:51'),
(10816, 413, 417, 0, '2025-10-13 11:39:51'),
(10817, 413, 418, 0, '2025-10-13 11:39:51'),
(10818, 413, 419, 0, '2025-10-13 11:39:51'),
(10819, 414, 415, 0, '2025-10-13 11:39:51'),
(10820, 414, 416, 0, '2025-10-13 11:39:51'),
(10821, 414, 417, 0, '2025-10-13 11:39:51'),
(10822, 414, 418, 0, '2025-10-13 11:39:51'),
(10823, 414, 419, 0, '2025-10-13 11:39:51'),
(10824, 415, 416, 0, '2025-10-13 11:39:51'),
(10825, 415, 417, 0, '2025-10-13 11:39:51'),
(10826, 415, 418, 0, '2025-10-13 11:39:51'),
(10827, 415, 419, 0, '2025-10-13 11:39:51'),
(10828, 416, 417, 0, '2025-10-13 11:39:51'),
(10829, 416, 418, 0, '2025-10-13 11:39:51'),
(10830, 416, 419, 0, '2025-10-13 11:39:51'),
(10831, 417, 418, 0, '2025-10-13 11:39:51'),
(10832, 417, 419, 0, '2025-10-13 11:39:51'),
(10833, 418, 419, 0, '2025-10-13 11:39:51'),
(10834, 410, 411, 0, '2025-10-13 11:40:04'),
(10835, 410, 412, 0, '2025-10-13 11:40:04'),
(10836, 410, 413, 0, '2025-10-13 11:40:04'),
(10837, 410, 414, 0, '2025-10-13 11:40:04'),
(10838, 410, 415, 0, '2025-10-13 11:40:04'),
(10839, 410, 416, 0, '2025-10-13 11:40:04'),
(10840, 410, 417, 0, '2025-10-13 11:40:04'),
(10841, 410, 418, 0, '2025-10-13 11:40:04'),
(10842, 410, 419, 0, '2025-10-13 11:40:04'),
(10843, 411, 412, 0, '2025-10-13 11:40:04'),
(10844, 411, 413, 0, '2025-10-13 11:40:04'),
(10845, 411, 414, 0, '2025-10-13 11:40:04'),
(10846, 411, 415, 0, '2025-10-13 11:40:04'),
(10847, 411, 416, 0, '2025-10-13 11:40:04'),
(10848, 411, 417, 0, '2025-10-13 11:40:04'),
(10849, 411, 418, 0, '2025-10-13 11:40:04'),
(10850, 411, 419, 0, '2025-10-13 11:40:04'),
(10851, 412, 413, 0, '2025-10-13 11:40:04'),
(10852, 412, 414, 0, '2025-10-13 11:40:04'),
(10853, 412, 415, 0, '2025-10-13 11:40:04'),
(10854, 412, 416, 0, '2025-10-13 11:40:04'),
(10855, 412, 417, 0, '2025-10-13 11:40:04'),
(10856, 412, 418, 0, '2025-10-13 11:40:04'),
(10857, 412, 419, 0, '2025-10-13 11:40:04'),
(10858, 413, 414, 0, '2025-10-13 11:40:04'),
(10859, 413, 415, 0, '2025-10-13 11:40:04'),
(10860, 413, 416, 0, '2025-10-13 11:40:04'),
(10861, 413, 417, 0, '2025-10-13 11:40:04'),
(10862, 413, 418, 0, '2025-10-13 11:40:04'),
(10863, 413, 419, 0, '2025-10-13 11:40:04'),
(10864, 414, 415, 0, '2025-10-13 11:40:04'),
(10865, 414, 416, 0, '2025-10-13 11:40:04'),
(10866, 414, 417, 0, '2025-10-13 11:40:04'),
(10867, 414, 418, 0, '2025-10-13 11:40:04'),
(10868, 414, 419, 0, '2025-10-13 11:40:04'),
(10869, 415, 416, 0, '2025-10-13 11:40:04'),
(10870, 415, 417, 0, '2025-10-13 11:40:04'),
(10871, 415, 418, 0, '2025-10-13 11:40:04'),
(10872, 415, 419, 0, '2025-10-13 11:40:04'),
(10873, 416, 417, 0, '2025-10-13 11:40:04'),
(10874, 416, 418, 0, '2025-10-13 11:40:04'),
(10875, 416, 419, 0, '2025-10-13 11:40:04'),
(10876, 417, 418, 0, '2025-10-13 11:40:04'),
(10877, 417, 419, 0, '2025-10-13 11:40:04'),
(10878, 418, 419, 0, '2025-10-13 11:40:04'),
(10879, 410, 411, 0, '2025-10-13 11:48:31'),
(10880, 410, 412, 0, '2025-10-13 11:48:31'),
(10881, 410, 413, 0, '2025-10-13 11:48:31'),
(10882, 410, 414, 0, '2025-10-13 11:48:31'),
(10883, 410, 415, 0, '2025-10-13 11:48:31'),
(10884, 410, 416, 0, '2025-10-13 11:48:31'),
(10885, 410, 417, 0, '2025-10-13 11:48:31'),
(10886, 410, 418, 0, '2025-10-13 11:48:31'),
(10887, 410, 419, 0, '2025-10-13 11:48:31'),
(10888, 411, 412, 0, '2025-10-13 11:48:31'),
(10889, 411, 413, 0, '2025-10-13 11:48:31'),
(10890, 411, 414, 0, '2025-10-13 11:48:31'),
(10891, 411, 415, 0, '2025-10-13 11:48:31'),
(10892, 411, 416, 0, '2025-10-13 11:48:31'),
(10893, 411, 417, 0, '2025-10-13 11:48:31'),
(10894, 411, 418, 0, '2025-10-13 11:48:31'),
(10895, 411, 419, 0, '2025-10-13 11:48:31'),
(10896, 412, 413, 0, '2025-10-13 11:48:31'),
(10897, 412, 414, 0, '2025-10-13 11:48:31'),
(10898, 412, 415, 0, '2025-10-13 11:48:31'),
(10899, 412, 416, 0, '2025-10-13 11:48:31'),
(10900, 412, 417, 0, '2025-10-13 11:48:31'),
(10901, 412, 418, 0, '2025-10-13 11:48:31'),
(10902, 412, 419, 0, '2025-10-13 11:48:31'),
(10903, 413, 414, 0, '2025-10-13 11:48:31'),
(10904, 413, 415, 0, '2025-10-13 11:48:31'),
(10905, 413, 416, 0, '2025-10-13 11:48:31'),
(10906, 413, 417, 0, '2025-10-13 11:48:31'),
(10907, 413, 418, 0, '2025-10-13 11:48:31'),
(10908, 413, 419, 0, '2025-10-13 11:48:31'),
(10909, 414, 415, 0, '2025-10-13 11:48:31'),
(10910, 414, 416, 0, '2025-10-13 11:48:31'),
(10911, 414, 417, 0, '2025-10-13 11:48:31'),
(10912, 414, 418, 0, '2025-10-13 11:48:31'),
(10913, 414, 419, 0, '2025-10-13 11:48:31'),
(10914, 415, 416, 0, '2025-10-13 11:48:31'),
(10915, 415, 417, 0, '2025-10-13 11:48:31'),
(10916, 415, 418, 0, '2025-10-13 11:48:31'),
(10917, 415, 419, 0, '2025-10-13 11:48:31'),
(10918, 416, 417, 0, '2025-10-13 11:48:31'),
(10919, 416, 418, 0, '2025-10-13 11:48:31'),
(10920, 416, 419, 0, '2025-10-13 11:48:31'),
(10921, 417, 418, 0, '2025-10-13 11:48:31'),
(10922, 417, 419, 0, '2025-10-13 11:48:31'),
(10923, 418, 419, 0, '2025-10-13 11:48:31'),
(10924, 410, 411, 0, '2025-10-13 11:48:34'),
(10925, 410, 412, 0, '2025-10-13 11:48:34'),
(10926, 410, 413, 0, '2025-10-13 11:48:34'),
(10927, 410, 414, 0, '2025-10-13 11:48:34'),
(10928, 410, 415, 0, '2025-10-13 11:48:34'),
(10929, 410, 416, 0, '2025-10-13 11:48:34'),
(10930, 410, 417, 0, '2025-10-13 11:48:34'),
(10931, 410, 418, 0, '2025-10-13 11:48:34'),
(10932, 410, 419, 0, '2025-10-13 11:48:34'),
(10933, 411, 412, 0, '2025-10-13 11:48:34'),
(10934, 411, 413, 0, '2025-10-13 11:48:34'),
(10935, 411, 414, 0, '2025-10-13 11:48:34'),
(10936, 411, 415, 0, '2025-10-13 11:48:34'),
(10937, 411, 416, 0, '2025-10-13 11:48:34'),
(10938, 411, 417, 0, '2025-10-13 11:48:34'),
(10939, 411, 418, 0, '2025-10-13 11:48:34'),
(10940, 411, 419, 0, '2025-10-13 11:48:34'),
(10941, 412, 413, 0, '2025-10-13 11:48:34'),
(10942, 412, 414, 0, '2025-10-13 11:48:34'),
(10943, 412, 415, 0, '2025-10-13 11:48:34'),
(10944, 412, 416, 0, '2025-10-13 11:48:34'),
(10945, 412, 417, 0, '2025-10-13 11:48:34'),
(10946, 412, 418, 0, '2025-10-13 11:48:34'),
(10947, 412, 419, 0, '2025-10-13 11:48:34'),
(10948, 413, 414, 0, '2025-10-13 11:48:34'),
(10949, 413, 415, 0, '2025-10-13 11:48:34'),
(10950, 413, 416, 0, '2025-10-13 11:48:34'),
(10951, 413, 417, 0, '2025-10-13 11:48:34'),
(10952, 413, 418, 0, '2025-10-13 11:48:34'),
(10953, 413, 419, 0, '2025-10-13 11:48:34'),
(10954, 414, 415, 0, '2025-10-13 11:48:34'),
(10955, 414, 416, 0, '2025-10-13 11:48:34'),
(10956, 414, 417, 0, '2025-10-13 11:48:34'),
(10957, 414, 418, 0, '2025-10-13 11:48:34'),
(10958, 414, 419, 0, '2025-10-13 11:48:34'),
(10959, 415, 416, 0, '2025-10-13 11:48:34'),
(10960, 415, 417, 0, '2025-10-13 11:48:34'),
(10961, 415, 418, 0, '2025-10-13 11:48:34'),
(10962, 415, 419, 0, '2025-10-13 11:48:34'),
(10963, 416, 417, 0, '2025-10-13 11:48:34'),
(10964, 416, 418, 0, '2025-10-13 11:48:34'),
(10965, 416, 419, 0, '2025-10-13 11:48:34'),
(10966, 417, 418, 0, '2025-10-13 11:48:34'),
(10967, 417, 419, 0, '2025-10-13 11:48:34'),
(10968, 418, 419, 0, '2025-10-13 11:48:34'),
(10969, 410, 411, 0, '2025-10-13 11:48:35'),
(10970, 410, 412, 0, '2025-10-13 11:48:35'),
(10971, 410, 413, 0, '2025-10-13 11:48:35'),
(10972, 410, 414, 0, '2025-10-13 11:48:35'),
(10973, 410, 415, 0, '2025-10-13 11:48:35'),
(10974, 410, 416, 0, '2025-10-13 11:48:35'),
(10975, 410, 417, 0, '2025-10-13 11:48:35'),
(10976, 410, 418, 0, '2025-10-13 11:48:35'),
(10977, 410, 419, 0, '2025-10-13 11:48:35'),
(10978, 411, 412, 0, '2025-10-13 11:48:35'),
(10979, 411, 413, 0, '2025-10-13 11:48:35'),
(10980, 411, 414, 0, '2025-10-13 11:48:35'),
(10981, 411, 415, 0, '2025-10-13 11:48:35'),
(10982, 411, 416, 0, '2025-10-13 11:48:35'),
(10983, 411, 417, 0, '2025-10-13 11:48:35'),
(10984, 411, 418, 0, '2025-10-13 11:48:35'),
(10985, 411, 419, 0, '2025-10-13 11:48:35'),
(10986, 412, 413, 0, '2025-10-13 11:48:35'),
(10987, 412, 414, 0, '2025-10-13 11:48:35'),
(10988, 412, 415, 0, '2025-10-13 11:48:35'),
(10989, 412, 416, 0, '2025-10-13 11:48:35'),
(10990, 412, 417, 0, '2025-10-13 11:48:35'),
(10991, 412, 418, 0, '2025-10-13 11:48:35'),
(10992, 412, 419, 0, '2025-10-13 11:48:35'),
(10993, 413, 414, 0, '2025-10-13 11:48:35'),
(10994, 413, 415, 0, '2025-10-13 11:48:35'),
(10995, 413, 416, 0, '2025-10-13 11:48:35'),
(10996, 413, 417, 0, '2025-10-13 11:48:35'),
(10997, 413, 418, 0, '2025-10-13 11:48:35'),
(10998, 413, 419, 0, '2025-10-13 11:48:35'),
(10999, 414, 415, 0, '2025-10-13 11:48:35'),
(11000, 414, 416, 0, '2025-10-13 11:48:35'),
(11001, 414, 417, 0, '2025-10-13 11:48:35'),
(11002, 414, 418, 0, '2025-10-13 11:48:35'),
(11003, 414, 419, 0, '2025-10-13 11:48:35'),
(11004, 415, 416, 0, '2025-10-13 11:48:35'),
(11005, 415, 417, 0, '2025-10-13 11:48:35'),
(11006, 415, 418, 0, '2025-10-13 11:48:35'),
(11007, 415, 419, 0, '2025-10-13 11:48:35'),
(11008, 416, 417, 0, '2025-10-13 11:48:35'),
(11009, 416, 418, 0, '2025-10-13 11:48:35'),
(11010, 416, 419, 0, '2025-10-13 11:48:35'),
(11011, 417, 418, 0, '2025-10-13 11:48:35'),
(11012, 417, 419, 0, '2025-10-13 11:48:35'),
(11013, 418, 419, 0, '2025-10-13 11:48:35'),
(11014, 410, 411, 0, '2025-10-13 11:48:58'),
(11015, 410, 412, 0, '2025-10-13 11:48:58'),
(11016, 410, 413, 0, '2025-10-13 11:48:58'),
(11017, 410, 414, 0, '2025-10-13 11:48:58'),
(11018, 410, 415, 0, '2025-10-13 11:48:58'),
(11019, 410, 416, 0, '2025-10-13 11:48:58'),
(11020, 410, 417, 0, '2025-10-13 11:48:58'),
(11021, 410, 418, 0, '2025-10-13 11:48:58'),
(11022, 410, 419, 0, '2025-10-13 11:48:58'),
(11023, 411, 412, 0, '2025-10-13 11:48:58'),
(11024, 411, 413, 0, '2025-10-13 11:48:58'),
(11025, 411, 414, 0, '2025-10-13 11:48:58'),
(11026, 411, 415, 0, '2025-10-13 11:48:58'),
(11027, 411, 416, 0, '2025-10-13 11:48:58'),
(11028, 411, 417, 0, '2025-10-13 11:48:58'),
(11029, 411, 418, 0, '2025-10-13 11:48:58'),
(11030, 411, 419, 0, '2025-10-13 11:48:58'),
(11031, 412, 413, 0, '2025-10-13 11:48:58'),
(11032, 412, 414, 0, '2025-10-13 11:48:58'),
(11033, 412, 415, 0, '2025-10-13 11:48:58'),
(11034, 412, 416, 0, '2025-10-13 11:48:58'),
(11035, 412, 417, 0, '2025-10-13 11:48:58'),
(11036, 412, 418, 0, '2025-10-13 11:48:58'),
(11037, 412, 419, 0, '2025-10-13 11:48:58'),
(11038, 413, 414, 0, '2025-10-13 11:48:58'),
(11039, 413, 415, 0, '2025-10-13 11:48:58'),
(11040, 413, 416, 0, '2025-10-13 11:48:58'),
(11041, 413, 417, 0, '2025-10-13 11:48:58'),
(11042, 413, 418, 0, '2025-10-13 11:48:58'),
(11043, 413, 419, 0, '2025-10-13 11:48:58'),
(11044, 414, 415, 0, '2025-10-13 11:48:58'),
(11045, 414, 416, 0, '2025-10-13 11:48:58'),
(11046, 414, 417, 0, '2025-10-13 11:48:58'),
(11047, 414, 418, 0, '2025-10-13 11:48:58'),
(11048, 414, 419, 0, '2025-10-13 11:48:58'),
(11049, 415, 416, 0, '2025-10-13 11:48:58'),
(11050, 415, 417, 0, '2025-10-13 11:48:58'),
(11051, 415, 418, 0, '2025-10-13 11:48:58'),
(11052, 415, 419, 0, '2025-10-13 11:48:58'),
(11053, 416, 417, 0, '2025-10-13 11:48:58'),
(11054, 416, 418, 0, '2025-10-13 11:48:58'),
(11055, 416, 419, 0, '2025-10-13 11:48:58'),
(11056, 417, 418, 0, '2025-10-13 11:48:58'),
(11057, 417, 419, 0, '2025-10-13 11:48:58'),
(11058, 418, 419, 0, '2025-10-13 11:48:58');

-- --------------------------------------------------------

--
-- Struktur dari tabel `konversi_nilai`
--

CREATE TABLE `konversi_nilai` (
  `id` int NOT NULL,
  `alternatif_id` int NOT NULL,
  `k1` decimal(5,2) DEFAULT NULL,
  `k2` decimal(5,2) DEFAULT NULL,
  `k3` decimal(5,2) DEFAULT NULL,
  `k4` decimal(5,2) DEFAULT NULL,
  `updated_at` timestamp NULL DEFAULT CURRENT_TIMESTAMP ON UPDATE CURRENT_TIMESTAMP
) ENGINE=InnoDB DEFAULT CHARSET=utf8mb4 COLLATE=utf8mb4_0900_ai_ci;

--
-- Dumping data untuk tabel `konversi_nilai`
--

INSERT INTO `konversi_nilai` (`id`, `alternatif_id`, `k1`, `k2`, `k3`, `k4`, `updated_at`) VALUES
(5186, 419, 3.00, 3.00, 3.00, 3.00, '2025-10-13 10:11:35'),
(5187, 418, 3.00, 3.00, 3.00, 3.00, '2025-10-13 10:11:35'),
(5188, 417, 3.00, 3.00, 3.00, 3.00, '2025-10-13 10:11:35'),
(5189, 416, 3.00, 3.00, 3.00, 3.00, '2025-10-13 10:11:35'),
(5190, 415, 3.00, 3.00, 3.00, 3.00, '2025-10-13 10:11:35'),
(5191, 414, 3.00, 3.00, 3.00, 3.00, '2025-10-13 10:11:35'),
(5192, 413, 3.00, 3.00, 3.00, 3.00, '2025-10-13 10:11:35'),
(5193, 412, 3.00, 3.00, 3.00, 3.00, '2025-10-13 10:11:35'),
(5194, 411, 3.00, 3.00, 3.00, 3.00, '2025-10-13 10:11:35'),
(5195, 410, 3.00, 3.00, 3.00, 3.00, '2025-10-13 10:11:35'),
(5196, 419, 3.00, 3.00, 3.00, 3.00, '2025-10-13 10:11:36'),
(5197, 418, 3.00, 3.00, 3.00, 3.00, '2025-10-13 10:11:36'),
(5198, 417, 3.00, 3.00, 3.00, 3.00, '2025-10-13 10:11:36'),
(5199, 416, 3.00, 3.00, 3.00, 3.00, '2025-10-13 10:11:36'),
(5200, 415, 3.00, 3.00, 3.00, 3.00, '2025-10-13 10:11:36'),
(5201, 414, 3.00, 3.00, 3.00, 3.00, '2025-10-13 10:11:36'),
(5202, 413, 3.00, 3.00, 3.00, 3.00, '2025-10-13 10:11:36'),
(5203, 412, 3.00, 3.00, 3.00, 3.00, '2025-10-13 10:11:36'),
(5204, 411, 3.00, 3.00, 3.00, 3.00, '2025-10-13 10:11:36'),
(5205, 410, 3.00, 3.00, 3.00, 3.00, '2025-10-13 10:11:36'),
(5206, 419, 3.00, 3.00, 3.00, 3.00, '2025-10-13 10:11:37'),
(5207, 418, 3.00, 3.00, 3.00, 3.00, '2025-10-13 10:11:37'),
(5208, 417, 3.00, 3.00, 3.00, 3.00, '2025-10-13 10:11:37'),
(5209, 416, 3.00, 3.00, 3.00, 3.00, '2025-10-13 10:11:37'),
(5210, 415, 3.00, 3.00, 3.00, 3.00, '2025-10-13 10:11:37'),
(5211, 414, 3.00, 3.00, 3.00, 3.00, '2025-10-13 10:11:37'),
(5212, 413, 3.00, 3.00, 3.00, 3.00, '2025-10-13 10:11:37'),
(5213, 412, 3.00, 3.00, 3.00, 3.00, '2025-10-13 10:11:37'),
(5214, 411, 3.00, 3.00, 3.00, 3.00, '2025-10-13 10:11:37'),
(5215, 410, 3.00, 3.00, 3.00, 3.00, '2025-10-13 10:11:37'),
(5216, 419, 3.00, 3.00, 3.00, 3.00, '2025-10-13 10:11:38'),
(5217, 418, 3.00, 3.00, 3.00, 3.00, '2025-10-13 10:11:38'),
(5218, 417, 3.00, 3.00, 3.00, 3.00, '2025-10-13 10:11:38'),
(5219, 416, 3.00, 3.00, 3.00, 3.00, '2025-10-13 10:11:38'),
(5220, 415, 3.00, 3.00, 3.00, 3.00, '2025-10-13 10:11:38'),
(5221, 414, 3.00, 3.00, 3.00, 3.00, '2025-10-13 10:11:38'),
(5222, 413, 3.00, 3.00, 3.00, 3.00, '2025-10-13 10:11:38'),
(5223, 412, 3.00, 3.00, 3.00, 3.00, '2025-10-13 10:11:38'),
(5224, 411, 3.00, 3.00, 3.00, 3.00, '2025-10-13 10:11:38'),
(5225, 410, 3.00, 3.00, 3.00, 3.00, '2025-10-13 10:11:38'),
(5226, 419, 3.00, 3.00, 3.00, 3.00, '2025-10-13 10:11:39'),
(5227, 418, 3.00, 3.00, 3.00, 3.00, '2025-10-13 10:11:39'),
(5228, 417, 3.00, 3.00, 3.00, 3.00, '2025-10-13 10:11:39'),
(5229, 416, 3.00, 3.00, 3.00, 3.00, '2025-10-13 10:11:39'),
(5230, 415, 3.00, 3.00, 3.00, 3.00, '2025-10-13 10:11:39'),
(5231, 414, 3.00, 3.00, 3.00, 3.00, '2025-10-13 10:11:39'),
(5232, 413, 3.00, 3.00, 3.00, 3.00, '2025-10-13 10:11:39'),
(5233, 412, 3.00, 3.00, 3.00, 3.00, '2025-10-13 10:11:39'),
(5234, 411, 3.00, 3.00, 3.00, 3.00, '2025-10-13 10:11:39'),
(5235, 410, 3.00, 3.00, 3.00, 3.00, '2025-10-13 10:11:39'),
(5236, 419, 3.00, 3.00, 3.00, 3.00, '2025-10-13 10:11:39'),
(5237, 418, 3.00, 3.00, 3.00, 3.00, '2025-10-13 10:11:39'),
(5238, 417, 3.00, 3.00, 3.00, 3.00, '2025-10-13 10:11:39'),
(5239, 416, 3.00, 3.00, 3.00, 3.00, '2025-10-13 10:11:39'),
(5240, 415, 3.00, 3.00, 3.00, 3.00, '2025-10-13 10:11:39'),
(5241, 414, 3.00, 3.00, 3.00, 3.00, '2025-10-13 10:11:39'),
(5242, 413, 3.00, 3.00, 3.00, 3.00, '2025-10-13 10:11:39'),
(5243, 412, 3.00, 3.00, 3.00, 3.00, '2025-10-13 10:11:39'),
(5244, 411, 3.00, 3.00, 3.00, 3.00, '2025-10-13 10:11:39'),
(5245, 410, 3.00, 3.00, 3.00, 3.00, '2025-10-13 10:11:39'),
(5246, 419, 3.00, 3.00, 3.00, 3.00, '2025-10-13 11:34:41'),
(5247, 418, 3.00, 3.00, 3.00, 3.00, '2025-10-13 11:34:41'),
(5248, 417, 3.00, 3.00, 3.00, 3.00, '2025-10-13 11:34:41'),
(5249, 416, 3.00, 3.00, 3.00, 3.00, '2025-10-13 11:34:41'),
(5250, 415, 3.00, 3.00, 3.00, 3.00, '2025-10-13 11:34:41'),
(5251, 414, 3.00, 3.00, 3.00, 3.00, '2025-10-13 11:34:41'),
(5252, 413, 3.00, 3.00, 3.00, 3.00, '2025-10-13 11:34:41'),
(5253, 412, 3.00, 3.00, 3.00, 3.00, '2025-10-13 11:34:41'),
(5254, 411, 3.00, 3.00, 3.00, 3.00, '2025-10-13 11:34:41'),
(5255, 410, 3.00, 3.00, 3.00, 3.00, '2025-10-13 11:34:41'),
(5256, 419, 3.00, 3.00, 3.00, 3.00, '2025-10-13 11:34:42'),
(5257, 418, 3.00, 3.00, 3.00, 3.00, '2025-10-13 11:34:42'),
(5258, 417, 3.00, 3.00, 3.00, 3.00, '2025-10-13 11:34:42'),
(5259, 416, 3.00, 3.00, 3.00, 3.00, '2025-10-13 11:34:42'),
(5260, 415, 3.00, 3.00, 3.00, 3.00, '2025-10-13 11:34:42'),
(5261, 414, 3.00, 3.00, 3.00, 3.00, '2025-10-13 11:34:42'),
(5262, 413, 3.00, 3.00, 3.00, 3.00, '2025-10-13 11:34:42'),
(5263, 412, 3.00, 3.00, 3.00, 3.00, '2025-10-13 11:34:42'),
(5264, 411, 3.00, 3.00, 3.00, 3.00, '2025-10-13 11:34:42'),
(5265, 410, 3.00, 3.00, 3.00, 3.00, '2025-10-13 11:34:42'),
(5266, 419, 3.00, 3.00, 3.00, 3.00, '2025-10-13 11:34:44'),
(5267, 418, 3.00, 3.00, 3.00, 3.00, '2025-10-13 11:34:44'),
(5268, 417, 3.00, 3.00, 3.00, 3.00, '2025-10-13 11:34:44'),
(5269, 416, 3.00, 3.00, 3.00, 3.00, '2025-10-13 11:34:44'),
(5270, 415, 3.00, 3.00, 3.00, 3.00, '2025-10-13 11:34:44'),
(5271, 414, 3.00, 3.00, 3.00, 3.00, '2025-10-13 11:34:44'),
(5272, 413, 3.00, 3.00, 3.00, 3.00, '2025-10-13 11:34:44'),
(5273, 412, 3.00, 3.00, 3.00, 3.00, '2025-10-13 11:34:44'),
(5274, 411, 3.00, 3.00, 3.00, 3.00, '2025-10-13 11:34:44'),
(5275, 410, 3.00, 3.00, 3.00, 3.00, '2025-10-13 11:34:44'),
(5276, 419, 3.00, 3.00, 3.00, 3.00, '2025-10-13 11:34:44'),
(5277, 418, 3.00, 3.00, 3.00, 3.00, '2025-10-13 11:34:44'),
(5278, 417, 3.00, 3.00, 3.00, 3.00, '2025-10-13 11:34:44'),
(5279, 416, 3.00, 3.00, 3.00, 3.00, '2025-10-13 11:34:44'),
(5280, 415, 3.00, 3.00, 3.00, 3.00, '2025-10-13 11:34:44'),
(5281, 414, 3.00, 3.00, 3.00, 3.00, '2025-10-13 11:34:44'),
(5282, 413, 3.00, 3.00, 3.00, 3.00, '2025-10-13 11:34:44'),
(5283, 412, 3.00, 3.00, 3.00, 3.00, '2025-10-13 11:34:44'),
(5284, 411, 3.00, 3.00, 3.00, 3.00, '2025-10-13 11:34:44'),
(5285, 410, 3.00, 3.00, 3.00, 3.00, '2025-10-13 11:34:44'),
(5286, 419, 3.00, 3.00, 3.00, 3.00, '2025-10-13 11:34:45'),
(5287, 418, 3.00, 3.00, 3.00, 3.00, '2025-10-13 11:34:45'),
(5288, 417, 3.00, 3.00, 3.00, 3.00, '2025-10-13 11:34:45'),
(5289, 416, 3.00, 3.00, 3.00, 3.00, '2025-10-13 11:34:45'),
(5290, 415, 3.00, 3.00, 3.00, 3.00, '2025-10-13 11:34:45'),
(5291, 414, 3.00, 3.00, 3.00, 3.00, '2025-10-13 11:34:45'),
(5292, 413, 3.00, 3.00, 3.00, 3.00, '2025-10-13 11:34:45'),
(5293, 412, 3.00, 3.00, 3.00, 3.00, '2025-10-13 11:34:45'),
(5294, 411, 3.00, 3.00, 3.00, 3.00, '2025-10-13 11:34:45'),
(5295, 410, 3.00, 3.00, 3.00, 3.00, '2025-10-13 11:34:45'),
(5296, 419, 3.00, 3.00, 3.00, 3.00, '2025-10-13 11:35:01'),
(5297, 418, 3.00, 3.00, 3.00, 3.00, '2025-10-13 11:35:01'),
(5298, 417, 3.00, 3.00, 3.00, 3.00, '2025-10-13 11:35:01'),
(5299, 416, 3.00, 3.00, 3.00, 3.00, '2025-10-13 11:35:01'),
(5300, 415, 3.00, 3.00, 3.00, 3.00, '2025-10-13 11:35:01'),
(5301, 414, 3.00, 3.00, 3.00, 3.00, '2025-10-13 11:35:01'),
(5302, 413, 3.00, 3.00, 3.00, 3.00, '2025-10-13 11:35:01'),
(5303, 412, 3.00, 3.00, 3.00, 3.00, '2025-10-13 11:35:01'),
(5304, 411, 3.00, 3.00, 3.00, 3.00, '2025-10-13 11:35:01'),
(5305, 410, 3.00, 3.00, 3.00, 3.00, '2025-10-13 11:35:01'),
(5306, 419, 3.00, 3.00, 3.00, 3.00, '2025-10-13 11:35:16'),
(5307, 418, 3.00, 3.00, 3.00, 3.00, '2025-10-13 11:35:16'),
(5308, 417, 3.00, 3.00, 3.00, 3.00, '2025-10-13 11:35:16'),
(5309, 416, 3.00, 3.00, 3.00, 3.00, '2025-10-13 11:35:16'),
(5310, 415, 3.00, 3.00, 3.00, 3.00, '2025-10-13 11:35:16'),
(5311, 414, 3.00, 3.00, 3.00, 3.00, '2025-10-13 11:35:16'),
(5312, 413, 3.00, 3.00, 3.00, 3.00, '2025-10-13 11:35:16'),
(5313, 412, 3.00, 3.00, 3.00, 3.00, '2025-10-13 11:35:16'),
(5314, 411, 3.00, 3.00, 3.00, 3.00, '2025-10-13 11:35:16'),
(5315, 410, 3.00, 3.00, 3.00, 3.00, '2025-10-13 11:35:16'),
(5316, 419, 3.00, 3.00, 3.00, 3.00, '2025-10-13 11:35:34'),
(5317, 418, 3.00, 3.00, 3.00, 3.00, '2025-10-13 11:35:34'),
(5318, 417, 3.00, 3.00, 3.00, 3.00, '2025-10-13 11:35:34'),
(5319, 416, 3.00, 3.00, 3.00, 3.00, '2025-10-13 11:35:34'),
(5320, 415, 3.00, 3.00, 3.00, 3.00, '2025-10-13 11:35:34'),
(5321, 414, 3.00, 3.00, 3.00, 3.00, '2025-10-13 11:35:34'),
(5322, 413, 3.00, 3.00, 3.00, 3.00, '2025-10-13 11:35:34'),
(5323, 412, 3.00, 3.00, 3.00, 3.00, '2025-10-13 11:35:34'),
(5324, 411, 3.00, 3.00, 3.00, 3.00, '2025-10-13 11:35:34'),
(5325, 410, 3.00, 3.00, 3.00, 3.00, '2025-10-13 11:35:34'),
(5326, 419, 3.00, 3.00, 3.00, 3.00, '2025-10-13 11:35:36'),
(5327, 418, 3.00, 3.00, 3.00, 3.00, '2025-10-13 11:35:36'),
(5328, 417, 3.00, 3.00, 3.00, 3.00, '2025-10-13 11:35:36'),
(5329, 416, 3.00, 3.00, 3.00, 3.00, '2025-10-13 11:35:36'),
(5330, 415, 3.00, 3.00, 3.00, 3.00, '2025-10-13 11:35:36'),
(5331, 414, 3.00, 3.00, 3.00, 3.00, '2025-10-13 11:35:36'),
(5332, 413, 3.00, 3.00, 3.00, 3.00, '2025-10-13 11:35:36'),
(5333, 412, 3.00, 3.00, 3.00, 3.00, '2025-10-13 11:35:36'),
(5334, 411, 3.00, 3.00, 3.00, 3.00, '2025-10-13 11:35:36'),
(5335, 410, 3.00, 3.00, 3.00, 3.00, '2025-10-13 11:35:36'),
(5336, 419, 3.00, 3.00, 3.00, 3.00, '2025-10-13 11:35:53'),
(5337, 418, 3.00, 3.00, 3.00, 3.00, '2025-10-13 11:35:53'),
(5338, 417, 3.00, 3.00, 3.00, 3.00, '2025-10-13 11:35:53'),
(5339, 416, 3.00, 3.00, 3.00, 3.00, '2025-10-13 11:35:53'),
(5340, 415, 3.00, 3.00, 3.00, 3.00, '2025-10-13 11:35:53'),
(5341, 414, 3.00, 3.00, 3.00, 3.00, '2025-10-13 11:35:53'),
(5342, 413, 3.00, 3.00, 3.00, 3.00, '2025-10-13 11:35:53'),
(5343, 412, 3.00, 3.00, 3.00, 3.00, '2025-10-13 11:35:53'),
(5344, 411, 3.00, 3.00, 3.00, 3.00, '2025-10-13 11:35:53'),
(5345, 410, 3.00, 3.00, 3.00, 3.00, '2025-10-13 11:35:53'),
(5346, 419, 3.00, 3.00, 3.00, 3.00, '2025-10-13 11:39:49'),
(5347, 418, 3.00, 3.00, 3.00, 3.00, '2025-10-13 11:39:49'),
(5348, 417, 3.00, 3.00, 3.00, 3.00, '2025-10-13 11:39:49'),
(5349, 416, 3.00, 3.00, 3.00, 3.00, '2025-10-13 11:39:49'),
(5350, 415, 3.00, 3.00, 3.00, 3.00, '2025-10-13 11:39:49'),
(5351, 414, 3.00, 3.00, 3.00, 3.00, '2025-10-13 11:39:49'),
(5352, 413, 3.00, 3.00, 3.00, 3.00, '2025-10-13 11:39:49'),
(5353, 412, 3.00, 3.00, 3.00, 3.00, '2025-10-13 11:39:49'),
(5354, 411, 3.00, 3.00, 3.00, 3.00, '2025-10-13 11:39:49'),
(5355, 410, 3.00, 3.00, 3.00, 3.00, '2025-10-13 11:39:49'),
(5356, 419, 3.00, 3.00, 3.00, 3.00, '2025-10-13 11:39:51'),
(5357, 418, 3.00, 3.00, 3.00, 3.00, '2025-10-13 11:39:51'),
(5358, 417, 3.00, 3.00, 3.00, 3.00, '2025-10-13 11:39:51'),
(5359, 416, 3.00, 3.00, 3.00, 3.00, '2025-10-13 11:39:51'),
(5360, 415, 3.00, 3.00, 3.00, 3.00, '2025-10-13 11:39:51'),
(5361, 414, 3.00, 3.00, 3.00, 3.00, '2025-10-13 11:39:51'),
(5362, 413, 3.00, 3.00, 3.00, 3.00, '2025-10-13 11:39:51'),
(5363, 412, 3.00, 3.00, 3.00, 3.00, '2025-10-13 11:39:51'),
(5364, 411, 3.00, 3.00, 3.00, 3.00, '2025-10-13 11:39:51'),
(5365, 410, 3.00, 3.00, 3.00, 3.00, '2025-10-13 11:39:51'),
(5366, 419, 3.00, 3.00, 3.00, 3.00, '2025-10-13 11:40:04'),
(5367, 418, 3.00, 3.00, 3.00, 3.00, '2025-10-13 11:40:04'),
(5368, 417, 3.00, 3.00, 3.00, 3.00, '2025-10-13 11:40:04'),
(5369, 416, 3.00, 3.00, 3.00, 3.00, '2025-10-13 11:40:04'),
(5370, 415, 3.00, 3.00, 3.00, 3.00, '2025-10-13 11:40:04'),
(5371, 414, 3.00, 3.00, 3.00, 3.00, '2025-10-13 11:40:04'),
(5372, 413, 3.00, 3.00, 3.00, 3.00, '2025-10-13 11:40:04'),
(5373, 412, 3.00, 3.00, 3.00, 3.00, '2025-10-13 11:40:04'),
(5374, 411, 3.00, 3.00, 3.00, 3.00, '2025-10-13 11:40:04'),
(5375, 410, 3.00, 3.00, 3.00, 3.00, '2025-10-13 11:40:04'),
(5376, 419, 3.00, 3.00, 3.00, 3.00, '2025-10-13 11:48:31'),
(5377, 418, 3.00, 3.00, 3.00, 3.00, '2025-10-13 11:48:31'),
(5378, 417, 3.00, 3.00, 3.00, 3.00, '2025-10-13 11:48:31'),
(5379, 416, 3.00, 3.00, 3.00, 3.00, '2025-10-13 11:48:31'),
(5380, 415, 3.00, 3.00, 3.00, 3.00, '2025-10-13 11:48:31'),
(5381, 414, 3.00, 3.00, 3.00, 3.00, '2025-10-13 11:48:31'),
(5382, 413, 3.00, 3.00, 3.00, 3.00, '2025-10-13 11:48:31'),
(5383, 412, 3.00, 3.00, 3.00, 3.00, '2025-10-13 11:48:31'),
(5384, 411, 3.00, 3.00, 3.00, 3.00, '2025-10-13 11:48:31'),
(5385, 410, 3.00, 3.00, 3.00, 3.00, '2025-10-13 11:48:31'),
(5386, 419, 3.00, 3.00, 3.00, 3.00, '2025-10-13 11:48:34'),
(5387, 418, 3.00, 3.00, 3.00, 3.00, '2025-10-13 11:48:34'),
(5388, 417, 3.00, 3.00, 3.00, 3.00, '2025-10-13 11:48:34'),
(5389, 416, 3.00, 3.00, 3.00, 3.00, '2025-10-13 11:48:34'),
(5390, 415, 3.00, 3.00, 3.00, 3.00, '2025-10-13 11:48:34'),
(5391, 414, 3.00, 3.00, 3.00, 3.00, '2025-10-13 11:48:34'),
(5392, 413, 3.00, 3.00, 3.00, 3.00, '2025-10-13 11:48:34'),
(5393, 412, 3.00, 3.00, 3.00, 3.00, '2025-10-13 11:48:34'),
(5394, 411, 3.00, 3.00, 3.00, 3.00, '2025-10-13 11:48:34'),
(5395, 410, 3.00, 3.00, 3.00, 3.00, '2025-10-13 11:48:34'),
(5396, 419, 3.00, 3.00, 3.00, 3.00, '2025-10-13 11:48:35'),
(5397, 418, 3.00, 3.00, 3.00, 3.00, '2025-10-13 11:48:35'),
(5398, 417, 3.00, 3.00, 3.00, 3.00, '2025-10-13 11:48:35'),
(5399, 416, 3.00, 3.00, 3.00, 3.00, '2025-10-13 11:48:35'),
(5400, 415, 3.00, 3.00, 3.00, 3.00, '2025-10-13 11:48:35'),
(5401, 414, 3.00, 3.00, 3.00, 3.00, '2025-10-13 11:48:35'),
(5402, 413, 3.00, 3.00, 3.00, 3.00, '2025-10-13 11:48:35'),
(5403, 412, 3.00, 3.00, 3.00, 3.00, '2025-10-13 11:48:35'),
(5404, 411, 3.00, 3.00, 3.00, 3.00, '2025-10-13 11:48:35'),
(5405, 410, 3.00, 3.00, 3.00, 3.00, '2025-10-13 11:48:35'),
(5406, 419, 3.00, 3.00, 3.00, 3.00, '2025-10-13 11:48:58'),
(5407, 418, 3.00, 3.00, 3.00, 3.00, '2025-10-13 11:48:58'),
(5408, 417, 3.00, 3.00, 3.00, 3.00, '2025-10-13 11:48:58'),
(5409, 416, 3.00, 3.00, 3.00, 3.00, '2025-10-13 11:48:58'),
(5410, 415, 3.00, 3.00, 3.00, 3.00, '2025-10-13 11:48:58'),
(5411, 414, 3.00, 3.00, 3.00, 3.00, '2025-10-13 11:48:58'),
(5412, 413, 3.00, 3.00, 3.00, 3.00, '2025-10-13 11:48:58'),
(5413, 412, 3.00, 3.00, 3.00, 3.00, '2025-10-13 11:48:58'),
(5414, 411, 3.00, 3.00, 3.00, 3.00, '2025-10-13 11:48:58'),
(5415, 410, 3.00, 3.00, 3.00, 3.00, '2025-10-13 11:48:58');

-- --------------------------------------------------------

--
-- Struktur dari tabel `kriteria`
--

CREATE TABLE `kriteria` (
  `id` int NOT NULL,
  `kode` varchar(10) NOT NULL,
  `nama` varchar(100) NOT NULL,
  `jenis` varchar(50) NOT NULL,
  `bobot` decimal(5,2) NOT NULL,
  `created_at` datetime DEFAULT CURRENT_TIMESTAMP
) ;

--
-- Dumping data untuk tabel `kriteria`
--

INSERT INTO `kriteria` (`id`, `kode`, `nama`, `jenis`, `bobot`, `created_at`) VALUES
(1, 'K1', 'Berat Badan menurut Umur (BB/U)', 'Benefit', 0.25, '2025-10-08 13:48:06'),
(2, 'K2', 'Tinggi Badan menurut Umur (TB/U)', 'Benefit', 0.25, '2025-10-08 13:48:25'),
(3, 'K3', 'Berat Badan menurut Tinggi Badan (BB/TB)', 'Benefit', 0.25, '2025-10-08 13:48:48'),
(4, 'K4', 'Indeks Massa Tubuh Menurut Umur (IMT/U)', 'Benefit', 0.25, '2025-10-08 13:49:04');

-- --------------------------------------------------------

--
-- Struktur dari tabel `sub_kriteria`
--

CREATE TABLE `sub_kriteria` (
  `id` int NOT NULL,
  `id_kriteria` int NOT NULL,
  `nama` varchar(100) NOT NULL,
  `batas_bawah` decimal(5,2) DEFAULT NULL,
  `batas_atas` decimal(5,2) DEFAULT NULL,
  `nilai_skala` int NOT NULL
) ENGINE=InnoDB DEFAULT CHARSET=utf8mb4 COLLATE=utf8mb4_0900_ai_ci;

--
-- Dumping data untuk tabel `sub_kriteria`
--

INSERT INTO `sub_kriteria` (`id`, `id_kriteria`, `nama`, `batas_bawah`, `batas_atas`, `nilai_skala`) VALUES
(18, 4, 'Sangat Kurus', NULL, -3.00, 1),
(19, 4, 'Kurus', -3.00, -2.00, 2),
(20, 4, 'Normal', -2.00, 2.00, 3),
(21, 4, 'Gemuk', 2.00, NULL, 4),
(22, 3, 'Gizi Buruk', NULL, -3.00, 1),
(23, 3, 'Gizi Kurang', -3.00, -2.00, 2),
(24, 3, 'Gizi Baik', -2.00, 2.00, 3),
(25, 2, 'Sangat Pendek', NULL, -3.00, 1),
(26, 2, 'Pendek', -3.00, -2.00, 2),
(27, 2, 'Normal', -2.00, NULL, 3),
(28, 1, 'Sangat Kurang', NULL, -3.00, 1),
(29, 1, 'Kurang', -3.00, -2.00, 2),
(30, 1, 'Normal', -2.00, 2.00, 3);

-- --------------------------------------------------------

--
-- Struktur dari tabel `user`
--

CREATE TABLE `user` (
  `id` int NOT NULL,
  `name` varchar(255) CHARACTER SET utf8mb4 COLLATE utf8mb4_0900_ai_ci NOT NULL,
  `username` varchar(255) NOT NULL,
  `password` varchar(255) NOT NULL,
  `role` enum('admin','kepala') NOT NULL
) ENGINE=InnoDB DEFAULT CHARSET=utf8mb4 COLLATE=utf8mb4_0900_ai_ci;

--
-- Dumping data untuk tabel `user`
--

INSERT INTO `user` (`id`, `name`, `username`, `password`, `role`) VALUES
(1, 'ADMIN', 'admin', '$2y$12$pyGOuMsT7Q142tlwxSEs7O9j4NwpVSLISIMHQQlzLVwGmsNrs/sJC', 'admin'),
(3, 'Kepala', 'kepala', '$2y$12$ivPhfSw6MbWbSokj3moSFOR39Sbn3ezzAdtSbdQNXemdUYRtU/nyy', 'kepala');

-- --------------------------------------------------------

--
-- Struktur dari tabel `who_imt_ref`
--

CREATE TABLE `who_imt_ref` (
  `id` int NOT NULL,
  `sex` enum('L','P') NOT NULL,
  `umur_bln` int NOT NULL,
  `median` float NOT NULL,
  `sd` float NOT NULL
) ENGINE=InnoDB DEFAULT CHARSET=utf8mb4 COLLATE=utf8mb4_0900_ai_ci;

--
-- Dumping data untuk tabel `who_imt_ref`
--

INSERT INTO `who_imt_ref` (`id`, `sex`, `umur_bln`, `median`, `sd`) VALUES
(51, 'L', 0, 13.4, 1.4),
(52, 'L', 1, 14.9, 1.4),
(53, 'L', 2, 16.3, 1.5),
(54, 'L', 3, 16.9, 1.5),
(55, 'L', 4, 17.2, 1.5),
(56, 'L', 5, 17.3, 1.5),
(57, 'L', 6, 17.3, 1.5),
(58, 'L', 7, 17.3, 1.5),
(59, 'L', 8, 17.3, 1.4),
(60, 'L', 9, 17.2, 1.4),
(61, 'L', 10, 17, 1.5),
(62, 'L', 11, 16.9, 1.5),
(63, 'L', 12, 16.8, 1.4),
(64, 'L', 13, 16.7, 1.4),
(65, 'L', 14, 16.6, 1.4),
(66, 'L', 15, 16.4, 1.4),
(67, 'L', 16, 16.3, 1.4),
(68, 'L', 17, 16.2, 1.4),
(69, 'L', 18, 16.1, 1.4),
(70, 'L', 19, 16.1, 1.3),
(71, 'L', 20, 16, 1.3),
(72, 'L', 21, 15.9, 1.3),
(73, 'L', 22, 15.8, 1.4),
(74, 'L', 23, 15.8, 1.3),
(75, 'L', 24, 15.7, 1.3),
(76, 'P', 0, 13.3, 1.3),
(77, 'P', 1, 14.6, 1.4),
(78, 'P', 2, 15.8, 1.5),
(79, 'P', 3, 16.4, 1.5),
(80, 'P', 4, 16.7, 1.6),
(81, 'P', 5, 16.8, 1.6),
(82, 'P', 6, 16.9, 1.6),
(83, 'P', 7, 16.9, 1.6),
(84, 'P', 8, 16.8, 1.6),
(85, 'P', 9, 16.7, 1.6),
(86, 'P', 10, 16.6, 1.6),
(87, 'P', 11, 16.5, 1.5),
(88, 'P', 12, 16.4, 1.5),
(89, 'P', 13, 16.2, 1.5),
(90, 'P', 14, 16.1, 1.5),
(91, 'P', 15, 16, 1.5),
(92, 'P', 16, 15.9, 1.5),
(93, 'P', 17, 15.8, 1.5),
(94, 'P', 18, 15.7, 1.5),
(95, 'P', 19, 15.7, 1.4),
(96, 'P', 20, 15.6, 1.4),
(97, 'P', 21, 15.6, 1.4),
(98, 'P', 22, 15.5, 1.4),
(99, 'P', 23, 15.4, 1.5),
(100, 'P', 24, 15.4, 1.4),
(101, 'L', 24, 16, 1.3),
(102, 'L', 25, 16, 1.3),
(103, 'L', 26, 15.9, 1.4),
(104, 'L', 27, 15.9, 1.3),
(105, 'L', 28, 15.9, 1.3),
(106, 'L', 29, 15.8, 1.3),
(107, 'L', 30, 15.8, 1.3),
(108, 'L', 31, 15.8, 1.2),
(109, 'L', 32, 15.7, 1.3),
(110, 'L', 33, 15.7, 1.3),
(111, 'L', 34, 15.7, 1.3),
(112, 'L', 35, 15.6, 1.3),
(113, 'L', 36, 15.6, 1.3),
(114, 'L', 37, 15.6, 1.3),
(115, 'L', 38, 15.5, 1.3),
(116, 'L', 39, 15.5, 1.3),
(117, 'L', 40, 15.5, 1.3),
(118, 'L', 41, 15.5, 1.3),
(119, 'L', 42, 15.4, 1.4),
(120, 'L', 43, 15.4, 1.3),
(121, 'L', 44, 15.4, 1.3),
(122, 'L', 45, 15.4, 1.3),
(123, 'L', 46, 15.4, 1.3),
(124, 'L', 47, 15.3, 1.4),
(125, 'L', 48, 15.3, 1.4),
(126, 'L', 49, 15.3, 1.4),
(127, 'L', 50, 15.3, 1.4),
(128, 'L', 51, 15.3, 1.3),
(129, 'L', 52, 15.3, 1.3),
(130, 'L', 53, 15.3, 1.3),
(131, 'L', 54, 15.3, 1.3),
(132, 'L', 55, 15.2, 1.4),
(133, 'L', 56, 15.2, 1.4),
(134, 'L', 57, 15.2, 1.4),
(135, 'L', 58, 15.2, 1.4),
(136, 'L', 59, 15.2, 1.4),
(137, 'L', 60, 15.2, 1.4),
(138, 'P', 25, 15.7, 1.4),
(139, 'P', 26, 15.6, 1.4),
(140, 'P', 27, 15.6, 1.4),
(141, 'P', 28, 15.6, 1.4),
(142, 'P', 29, 15.6, 1.4),
(143, 'P', 30, 15.5, 1.4),
(144, 'P', 31, 15.5, 1.4),
(145, 'P', 32, 15.5, 1.4),
(146, 'P', 33, 15.5, 1.4),
(147, 'P', 34, 15.4, 1.4),
(148, 'P', 35, 15.4, 1.4),
(149, 'P', 36, 15.4, 1.4),
(150, 'P', 37, 15.4, 1.4),
(151, 'P', 38, 15.4, 1.4),
(152, 'P', 39, 15.3, 1.5),
(153, 'P', 40, 15.3, 1.5),
(154, 'P', 41, 15.3, 1.5),
(155, 'P', 42, 15.3, 1.5),
(156, 'P', 43, 15.3, 1.5),
(157, 'P', 44, 15.3, 1.5),
(158, 'P', 45, 15.3, 1.5),
(159, 'P', 46, 15.3, 1.5),
(160, 'P', 47, 15.3, 1.5),
(161, 'P', 48, 15.3, 1.5),
(162, 'P', 49, 15.3, 1.5),
(163, 'P', 50, 15.3, 1.5),
(164, 'P', 51, 15.3, 1.5),
(165, 'P', 52, 15.2, 1.6),
(166, 'P', 53, 15.3, 1.5),
(167, 'P', 54, 15.3, 1.5),
(168, 'P', 55, 15.3, 1.5),
(169, 'P', 56, 15.3, 1.5),
(170, 'P', 57, 15.3, 1.6),
(171, 'P', 58, 15.3, 1.6),
(172, 'P', 59, 15.3, 1.6),
(173, 'P', 60, 15.3, 1.6);

--
-- Indexes for dumped tables
--

--
-- Indeks untuk tabel `alternatif`
--
ALTER TABLE `alternatif`
  ADD PRIMARY KEY (`id`);

--
-- Indeks untuk tabel `derajat_preferensi`
--
ALTER TABLE `derajat_preferensi`
  ADD PRIMARY KEY (`id`),
  ADD KEY `fk_alternatif1` (`alternatif_1_id`),
  ADD KEY `fk_alternatif2` (`alternatif_2_id`);

--
-- Indeks untuk tabel `konversi_nilai`
--
ALTER TABLE `konversi_nilai`
  ADD PRIMARY KEY (`id`),
  ADD KEY `alternatif_id` (`alternatif_id`);

--
-- Indeks untuk tabel `kriteria`
--
ALTER TABLE `kriteria`
  ADD PRIMARY KEY (`id`);

--
-- Indeks untuk tabel `sub_kriteria`
--
ALTER TABLE `sub_kriteria`
  ADD PRIMARY KEY (`id`),
  ADD KEY `id_kriteria` (`id_kriteria`);

--
-- Indeks untuk tabel `user`
--
ALTER TABLE `user`
  ADD PRIMARY KEY (`id`);

--
-- Indeks untuk tabel `who_imt_ref`
--
ALTER TABLE `who_imt_ref`
  ADD PRIMARY KEY (`id`);

--
-- AUTO_INCREMENT untuk tabel yang dibuang
--

--
-- AUTO_INCREMENT untuk tabel `alternatif`
--
ALTER TABLE `alternatif`
  MODIFY `id` int NOT NULL AUTO_INCREMENT, AUTO_INCREMENT=420;

--
-- AUTO_INCREMENT untuk tabel `derajat_preferensi`
--
ALTER TABLE `derajat_preferensi`
  MODIFY `id` int NOT NULL AUTO_INCREMENT, AUTO_INCREMENT=11059;

--
-- AUTO_INCREMENT untuk tabel `konversi_nilai`
--
ALTER TABLE `konversi_nilai`
  MODIFY `id` int NOT NULL AUTO_INCREMENT, AUTO_INCREMENT=5416;

--
-- AUTO_INCREMENT untuk tabel `kriteria`
--
ALTER TABLE `kriteria`
  MODIFY `id` int NOT NULL AUTO_INCREMENT;

--
-- AUTO_INCREMENT untuk tabel `sub_kriteria`
--
ALTER TABLE `sub_kriteria`
  MODIFY `id` int NOT NULL AUTO_INCREMENT, AUTO_INCREMENT=31;

--
-- AUTO_INCREMENT untuk tabel `user`
--
ALTER TABLE `user`
  MODIFY `id` int NOT NULL AUTO_INCREMENT, AUTO_INCREMENT=5;

--
-- AUTO_INCREMENT untuk tabel `who_imt_ref`
--
ALTER TABLE `who_imt_ref`
  MODIFY `id` int NOT NULL AUTO_INCREMENT, AUTO_INCREMENT=174;

--
-- Ketidakleluasaan untuk tabel pelimpahan (Dumped Tables)
--

--
-- Ketidakleluasaan untuk tabel `derajat_preferensi`
--
ALTER TABLE `derajat_preferensi`
  ADD CONSTRAINT `fk_alternatif1` FOREIGN KEY (`alternatif_1_id`) REFERENCES `alternatif` (`id`) ON DELETE CASCADE ON UPDATE CASCADE,
  ADD CONSTRAINT `fk_alternatif2` FOREIGN KEY (`alternatif_2_id`) REFERENCES `alternatif` (`id`) ON DELETE CASCADE ON UPDATE CASCADE;

--
-- Ketidakleluasaan untuk tabel `konversi_nilai`
--
ALTER TABLE `konversi_nilai`
  ADD CONSTRAINT `konversi_nilai_ibfk_1` FOREIGN KEY (`alternatif_id`) REFERENCES `alternatif` (`id`) ON DELETE CASCADE;

--
-- Ketidakleluasaan untuk tabel `sub_kriteria`
--
ALTER TABLE `sub_kriteria`
  ADD CONSTRAINT `sub_kriteria_ibfk_1` FOREIGN KEY (`id_kriteria`) REFERENCES `kriteria` (`id`);
COMMIT;

/*!40101 SET CHARACTER_SET_CLIENT=@OLD_CHARACTER_SET_CLIENT */;
/*!40101 SET CHARACTER_SET_RESULTS=@OLD_CHARACTER_SET_RESULTS */;
/*!40101 SET COLLATION_CONNECTION=@OLD_COLLATION_CONNECTION */;
